OrganismRowID,LastUpdateDate,EndDate,OrganismCode,CommonName,FinalID,ParentOrganismFinalID,ParentOrganismCode,Active,Phylum,Subphylum,Superclass,Class,Subclass,Superorder,Order,Suborder,Superfamily,Family,Subfamily,Tribe,GenusComplex,Genus,SpeciesComplex,Species,Subspecies,Variety,TaxonomicLevelCode,OrganismGroup,OrganismCategory1,OrganismCategory2,OrganismType1,OrganismType2,OrganismType3,OrganismType4,TaxaList,LifeStageDefault,TaxonomicAuthority,CaliforniaTaxon,EnterDate,DateFinalIDRevised,FinalIDAuthority,Source,OrganismComments,RLSID
,,,,,Aulacomniaceae,Aulacomniales,,-1,Bryophyta,,,Bryopsida,Bryidae,,Aulacomniales,,,Aulacomniaceae,,,,,,,,,40,,,,,,,,0,X,,-1,,,CSUMB-WEE,CSUMB-WEE,,
,,,,,Amblystegium,Amblystegiaceae,,-1,Bryophyta,,,Bryopsida,Bryidae,,Hypnales,,,Amblystegiaceae,,,,,,,,,50,,,,,,,,0,X,,-1,,,CSUMB-WEE,CSUMB-WEE,,
,,,,,Amglystegium juratzkanum,Amblystegium,,-1,Bryophyta,,,Bryopsida,Bryidae,,Hypnales,,,Amblystegiaceae,,,,Amblystegium,,Amglystegium juratzkanum,,,60,,,,,,,,0,X,,-1,,,CSUMB-WEE,CSUMB-WEE,,
,,,,,Amglystegium radicale,Amblystegium,,-1,Bryophyta,,,Bryopsida,Bryidae,,Hypnales,,,Amblystegiaceae,,,,Amblystegium,,Amglystegium radicale,,,60,,,,,,,,0,X,,-1,,,CSUMB-WEE,CSUMB-WEE,,
,,,,,Amblystegium serpens,Amblystegium,,-1,Bryophyta,,,Bryopsida,Bryidae,,Hypnales,,,Amblystegiaceae,,,,Amblystegium,,Amblystegium serpens,,,60,,,,,,,,0,X,,-1,,,CSUMB-WEE,CSUMB-WEE,,
,,,,,Amblystegium varium,Amblystegium,,-1,Bryophyta,,,Bryopsida,Bryidae,,Hypnales,,,Amblystegiaceae,,,,Amblystegium,,Amblystegium varium,,,60,,,,,,,,0,X,,-1,,,CSUMB-WEE,CSUMB-WEE,,
,,,,,Campylium,Amblystegiaceae,,-1,Bryophyta,,,Bryopsida,Bryidae,,Hypnales,,,Amblystegiaceae,,,,Campylium,,,,,50,,,,,,,,0,X,,-1,,,CSUMB-WEE,CSUMB-WEE,,
,,,,,Campylium chrysophyllum,Campylium,,-1,Bryophyta,,,Bryopsida,Bryidae,,Hypnales,,,Amblystegiaceae,,,,Campylium,,Campylium chrysophyllum,,,60,,,,,,,,0,X,,-1,,,CSUMB-WEE,CSUMB-WEE,,
,,,,,Campylium hispidulum,Campylium,,-1,Bryophyta,,,Bryopsida,Bryidae,,Hypnales,,,Amblystegiaceae,,,,Campylium,,Campylium hispidulum,,,60,,,,,,,,0,X,,-1,,,CSUMB-WEE,CSUMB-WEE,,
,,,,,Conardia,Amblystegiaceae,,-1,Bryophyta,,,Bryopsida,Bryidae,,Hypnales,,,Amblystegiaceae,,,,Conardia,,,,,50,,,,,,,,0,X,,-1,,,CSUMB-WEE,CSUMB-WEE,,
,,,,,Conardia compacta,Conardia,,-1,Bryophyta,,,Bryopsida,Bryidae,,Hypnales,,,Amblystegiaceae,,,,Conardia,,Conardia compacta,,,60,,,,,,,,0,X,,-1,,,CSUMB-WEE,CSUMB-WEE,,
,,,,,Cratoneuron,Amblystegiaceae,,-1,Bryophyta,,,Bryopsida,Bryidae,,Hypnales,,,Amblystegiaceae,,,,Cratoneuron,,,,,50,,,,,,,,0,X,,-1,,,CSUMB-WEE,CSUMB-WEE,,
,,,,,Cratoneuron filicinum,Cratoneuron,,-1,Bryophyta,,,Bryopsida,Bryidae,,Hypnales,,,Amblystegiaceae,,,,Cratoneuron,,Cratoneuron filicinum,,,60,,,,,,,,0,X,,-1,,,CSUMB-WEE,CSUMB-WEE,,
,,,,,Drepanocaldus,Amblystegiaceae,,-1,Bryophyta,,,Bryopsida,Bryidae,,Hypnales,,,Amblystegiaceae,,,,Drepanocaldus,,,,,50,,,,,,,,0,X,,-1,,,CSUMB-WEE,CSUMB-WEE,,
,,,,,Drepanocaldus aduncus,Drepanocaldus,,-1,Bryophyta,,,Bryopsida,Bryidae,,Hypnales,,,Amblystegiaceae,,,,Drepanocaldus,,Drepanocaldus aduncus,,,60,,,,,,,,0,X,,-1,,,CSUMB-WEE,CSUMB-WEE,,
,,,,,Drepanocaldus capillifolius,Drepanocaldus,,-1,Bryophyta,,,Bryopsida,Bryidae,,Hypnales,,,Amblystegiaceae,,,,Drepanocaldus,,Drepanocaldus capillifolius,,,60,,,,,,,,0,X,,-1,,,CSUMB-WEE,CSUMB-WEE,,
,,,,,Drepanocaldus polycarpos,Drepanocaldus,,-1,Bryophyta,,,Bryopsida,Bryidae,,Hypnales,,,Amblystegiaceae,,,,Drepanocaldus,,Drepanocaldus polycarpos,,,60,,,,,,,,0,X,,-1,,,CSUMB-WEE,CSUMB-WEE,,
,,,,,Drepanocaldus polygamus,Drepanocaldus,,-1,Bryophyta,,,Bryopsida,Bryidae,,Hypnales,,,Amblystegiaceae,,,,Drepanocaldus,,Drepanocaldus polygamus,,,60,,,,,,,,0,X,,-1,,,CSUMB-WEE,CSUMB-WEE,,
,,,,,Hygroamblystegium,Amblystegiaceae,,-1,Bryophyta,,,Bryopsida,Bryidae,,Hypnales,,,Amblystegiaceae,,,,Hygroamblystegium,,,,,50,,,,,,,,0,X,,-1,,,CSUMB-WEE,CSUMB-WEE,,
,,,,,Hygroamblystegium tenax,Hygroamblystegium,,-1,Bryophyta,,,Bryopsida,Bryidae,,Hypnales,,,Amblystegiaceae,,,,Hygroamblystegium,,Hygroamblystegium tenax,,,60,,,,,,,,0,X,,-1,,,CSUMB-WEE,CSUMB-WEE,,
,,,,,Hygrohypnum,Amblystegiaceae,,-1,Bryophyta,,,Bryopsida,Bryidae,,Hypnales,,,Amblystegiaceae,,,,Hygrohypnum,,,,,50,,,,,,,,0,X,,-1,,,CSUMB-WEE,CSUMB-WEE,,
,,,,,Hygrohypnum alpinum,Hygrohypnum,,-1,Bryophyta,,,Bryopsida,Bryidae,,Hypnales,,,Amblystegiaceae,,,,Hygrohypnum,,Hygrohypnum alpinum,,,60,,,,,,,,0,X,,-1,,,CSUMB-WEE,CSUMB-WEE,,
,,,,,Hygrohypnum bestii,Hygrohypnum,,-1,Bryophyta,,,Bryopsida,Bryidae,,Hypnales,,,Amblystegiaceae,,,,Hygrohypnum,,Hygrohypnum bestii,,,60,,,,,,,,0,X,,-1,,,CSUMB-WEE,CSUMB-WEE,,
,,,,,Hygrohypnum cochlearifolium,Hygrohypnum,,-1,Bryophyta,,,Bryopsida,Bryidae,,Hypnales,,,Amblystegiaceae,,,,Hygrohypnum,,Hygrohypnum cochlearifolium,,,60,,,,,,,,0,X,,-1,,,CSUMB-WEE,CSUMB-WEE,,
,,,,,Hygrohypnum duriusculum,Hygrohypnum,,-1,Bryophyta,,,Bryopsida,Bryidae,,Hypnales,,,Amblystegiaceae,,,,Hygrohypnum,,Hygrohypnum duriusculum,,,60,,,,,,,,0,X,,-1,,,CSUMB-WEE,CSUMB-WEE,,
,,,,,Hygrohypnum luridum,Hygrohypnum,,-1,Bryophyta,,,Bryopsida,Bryidae,,Hypnales,,,Amblystegiaceae,,,,Hygrohypnum,,Hygrohypnum luridum,,,60,,,,,,,,0,X,,-1,,,CSUMB-WEE,CSUMB-WEE,,
,,,,,Hygrohypnum molle,Hygrohypnum,,-1,Bryophyta,,,Bryopsida,Bryidae,,Hypnales,,,Amblystegiaceae,,,,Hygrohypnum,,Hygrohypnum molle,,,60,,,,,,,,0,X,,-1,,,CSUMB-WEE,CSUMB-WEE,,
,,,,,Hygrohypnum ochraceum,Hygrohypnum,,-1,Bryophyta,,,Bryopsida,Bryidae,,Hypnales,,,Amblystegiaceae,,,,Hygrohypnum,,Hygrohypnum ochraceum,,,60,,,,,,,,0,X,,-1,,,CSUMB-WEE,CSUMB-WEE,,
,,,,,Hygrohypnum smithii,Hygrohypnum,,-1,Bryophyta,,,Bryopsida,Bryidae,,Hypnales,,,Amblystegiaceae,,,,Hygrohypnum,,Hygrohypnum smithii,,,60,,,,,,,,0,X,,-1,,,CSUMB-WEE,CSUMB-WEE,,
,,,,,Hygrohypnum styriacum,Hygrohypnum,,-1,Bryophyta,,,Bryopsida,Bryidae,,Hypnales,,,Amblystegiaceae,,,,Hygrohypnum,,Hygrohypnum styriacum,,,60,,,,,,,,0,X,,-1,,,CSUMB-WEE,CSUMB-WEE,,
,,,,,Leptodictyum,Amblystegiaceae,,-1,Bryophyta,,,Bryopsida,Bryidae,,Hypnales,,,Amblystegiaceae,,,,Leptodictyum,,,,,50,,,,,,,,0,X,,-1,,,CSUMB-WEE,CSUMB-WEE,,
,,,,,Leptodictyum humile,Leptodictyum,,-1,Bryophyta,,,Bryopsida,Bryidae,,Hypnales,,,Amblystegiaceae,,,,Leptodictyum,,Leptodictyum humile,,,60,,,,,,,,0,X,,-1,,,CSUMB-WEE,CSUMB-WEE,,
,,,,,Leptodictyum riparium,Leptodictyum,,-1,Bryophyta,,,Bryopsida,Bryidae,,Hypnales,,,Amblystegiaceae,,,,Leptodictyum,,Leptodictyum riparium,,,60,,,,,,,,0,X,,-1,,,CSUMB-WEE,CSUMB-WEE,,
,,,,,Limprichtia,Amblystegiaceae,,-1,Bryophyta,,,Bryopsida,Bryidae,,Hypnales,,,Amblystegiaceae,,,,Limprichtia,,,,,50,,,,,,,,0,X,,-1,,,CSUMB-WEE,CSUMB-WEE,,
,,,,,Limprichtia revolens,Limprichtia,,-1,Bryophyta,,,Bryopsida,Bryidae,,Hypnales,,,Amblystegiaceae,,,,Limprichtia,,Limprichtia revolens,,,60,,,,,,,,0,X,,-1,,,CSUMB-WEE,CSUMB-WEE,,
,,,,,Palustriella,Amblystegiaceae,,-1,Bryophyta,,,Bryopsida,Bryidae,,Hypnales,,,Amblystegiaceae,,,,Palustriella,,,,,50,,,,,,,,0,X,,-1,,,CSUMB-WEE,CSUMB-WEE,,
,,,,,Palustriella commutata,Palustriella,,-1,Bryophyta,,,Bryopsida,Bryidae,,Hypnales,,,Amblystegiaceae,,,,Palustriella,,Palustriella commutata,,,60,,,,,,,,0,X,,-1,,,CSUMB-WEE,CSUMB-WEE,,
,,,,,Pseudo-calliergon,Amblystegiaceae,,-1,Bryophyta,,,Bryopsida,Bryidae,,Hypnales,,,Amblystegiaceae,,,,Pseudo-calliergon,,,,,50,,,,,,,,0,X,,-1,,,CSUMB-WEE,CSUMB-WEE,,
,,,,,Pseudo-calliergon angustifolium,Pseudo-calliergon,,-1,Bryophyta,,,Bryopsida,Bryidae,,Hypnales,,,Amblystegiaceae,,,,Pseudo-calliergon,,Pseudo-calliergon angustifolium,,,60,,,,,,,,0,X,,-1,,,CSUMB-WEE,CSUMB-WEE,,
,,,,,Sanionia,Amblystegiaceae,,-1,Bryophyta,,,Bryopsida,Bryidae,,Hypnales,,,Amblystegiaceae,,,,Sanionia,,,,,50,,,,,,,,0,X,,-1,,,CSUMB-WEE,CSUMB-WEE,,
,,,,,Sanionia uncinata,Sanionia,,-1,Bryophyta,,,Bryopsida,Bryidae,,Hypnales,,,Amblystegiaceae,,,,Sanionia,,Sanionia uncinata,,,60,,,,,,,,0,X,,-1,,,CSUMB-WEE,CSUMB-WEE,,
,,,,,Bartramiaceae,Bartramiales,,-1,Bryophyta,,,Bryopsida,Bryidae,,Bartramiales,,,Bartramiaceae,,,,,,,,,40,,,,,,,,0,X,,-1,,,CSUMB-WEE,CSUMB-WEE,,
,,,,,Brachythecium,Brachytheciaceae,,-1,Bryophyta,,,Bryopsida,Bryidae,,Hypnales,,,Brachytheciaceae,,,,Brachythecium,,,,,50,,,,,,,,0,X,,-1,,,CSUMB-WEE,CSUMB-WEE,,
,,,,,Brachythecium albicans,Brachythecium,,-1,Bryophyta,,,Bryopsida,Bryidae,,Hypnales,,,Brachytheciaceae,,,,Brachythecium,,Brachythecium albicans,,,60,,,,,,,,0,X,,-1,,,CSUMB-WEE,CSUMB-WEE,,
,,,,,Brachythecium asperrimum,Brachythecium,,-1,Bryophyta,,,Bryopsida,Bryidae,,Hypnales,,,Brachytheciaceae,,,,Brachythecium,,Brachythecium asperrimum,,,60,,,,,,,,0,X,,-1,,,CSUMB-WEE,CSUMB-WEE,,
,,,,,Brachythecium bolanderi,Brachythecium,,-1,Bryophyta,,,Bryopsida,Bryidae,,Hypnales,,,Brachytheciaceae,,,,Brachythecium,,Brachythecium bolanderi,,,60,,,,,,,,0,X,,-1,,,CSUMB-WEE,CSUMB-WEE,,
,,,,,Brachythecium calcareum,Brachythecium,,-1,Bryophyta,,,Bryopsida,Bryidae,,Hypnales,,,Brachytheciaceae,,,,Brachythecium,,Brachythecium calcareum,,,60,,,,,,,,0,X,,-1,,,CSUMB-WEE,CSUMB-WEE,,
,,,,,Brachythecium collinum,Brachythecium,,-1,Bryophyta,,,Bryopsida,Bryidae,,Hypnales,,,Brachytheciaceae,,,,Brachythecium,,Brachythecium collinum,,,60,,,,,,,,0,X,,-1,,,CSUMB-WEE,CSUMB-WEE,,
,,,,,Brachythecium erythrorrhizon,Brachythecium,,-1,Bryophyta,,,Bryopsida,Bryidae,,Hypnales,,,Brachytheciaceae,,,,Brachythecium,,Brachythecium erythrorrhizon,,,60,,,,,,,,0,X,,-1,,,CSUMB-WEE,CSUMB-WEE,,
,,,,,Brachythecium fendleri,Brachythecium,,-1,Bryophyta,,,Bryopsida,Bryidae,,Hypnales,,,Brachytheciaceae,,,,Brachythecium,,Brachythecium fendleri,,,60,,,,,,,,0,X,,-1,,,CSUMB-WEE,CSUMB-WEE,,
,,,,,Brachythecium frigidum,Brachythecium,,-1,Bryophyta,,,Bryopsida,Bryidae,,Hypnales,,,Brachytheciaceae,,,,Brachythecium,,Brachythecium frigidum,,,60,,,,,,,,0,X,,-1,,,CSUMB-WEE,CSUMB-WEE,,
,,,,,Brachythecium holzingeri,Brachythecium,,-1,Bryophyta,,,Bryopsida,Bryidae,,Hypnales,,,Brachytheciaceae,,,,Brachythecium,,Brachythecium holzingeri,,,60,,,,,,,,0,X,,-1,,,CSUMB-WEE,CSUMB-WEE,,
,,,,,Brachythecium leibergii,Brachythecium,,-1,Bryophyta,,,Bryopsida,Bryidae,,Hypnales,,,Brachytheciaceae,,,,Brachythecium,,Brachythecium leibergii,,,60,,,,,,,,0,X,,-1,,,CSUMB-WEE,CSUMB-WEE,,
,,,,,Brachythecium nelsonii,Brachythecium,,-1,Bryophyta,,,Bryopsida,Bryidae,,Hypnales,,,Brachytheciaceae,,,,Brachythecium,,Brachythecium nelsonii,,,60,,,,,,,,0,X,,-1,,,CSUMB-WEE,CSUMB-WEE,,
,,,,,Brachythecium rivulari,Brachythecium,,-1,Bryophyta,,,Bryopsida,Bryidae,,Hypnales,,,Brachytheciaceae,,,,Brachythecium,,Brachythecium rivulari,,,60,,,,,,,,0,X,,-1,,,CSUMB-WEE,CSUMB-WEE,,
,,,,,Brachythecium rutabulum,Brachythecium,,-1,Bryophyta,,,Bryopsida,Bryidae,,Hypnales,,,Brachytheciaceae,,,,Brachythecium,,Brachythecium rutabulum,,,60,,,,,,,,0,X,,-1,,,CSUMB-WEE,CSUMB-WEE,,
,,,,,Brachythecium salebrosum,Brachythecium,,-1,Bryophyta,,,Bryopsida,Bryidae,,Hypnales,,,Brachytheciaceae,,,,Brachythecium,,Brachythecium salebrosum,,,60,,,,,,,,0,X,,-1,,,CSUMB-WEE,CSUMB-WEE,,
,,,,,Brachythecium velutinum,Brachythecium,,-1,Bryophyta,,,Bryopsida,Bryidae,,Hypnales,,,Brachytheciaceae,,,,Brachythecium,,Brachythecium velutinum,,,60,,,,,,,,0,X,,-1,,,CSUMB-WEE,CSUMB-WEE,,
,,,,,Brachythecium venustum,Brachythecium,,-1,Bryophyta,,,Bryopsida,Bryidae,,Hypnales,,,Brachytheciaceae,,,,Brachythecium,,Brachythecium venustum,,,60,,,,,,,,0,X,,-1,,,CSUMB-WEE,CSUMB-WEE,,
,,,,,Eurhynchiastrum,Brachytheciaceae,,-1,Bryophyta,,,Bryopsida,Bryidae,,Hypnales,,,Brachytheciaceae,,,,Eurhynchiastrum,,,,,50,,,,,,,,0,X,,-1,,,CSUMB-WEE,CSUMB-WEE,,
,,,,,Eurhynchiastrum pulchellum,Eurhynchiastrum,,-1,Bryophyta,,,Bryopsida,Bryidae,,Hypnales,,,Brachytheciaceae,,,,Eurhynchiastrum,,Eurhynchiastrum pulchellum,,,60,,,,,,,,0,X,,-1,,,CSUMB-WEE,CSUMB-WEE,,
,,,,,Homalothecium,Brachytheciaceae,,-1,Bryophyta,,,Bryopsida,Bryidae,,Hypnales,,,Brachytheciaceae,,,,Homalothecium,,,,,50,,,,,,,,0,X,,-1,,,CSUMB-WEE,CSUMB-WEE,,
,,,,,Homalothecium aureum,Homalothecium,,-1,Bryophyta,,,Bryopsida,Bryidae,,Hypnales,,,Brachytheciaceae,,,,Homalothecium,,Homalothecium aureum,,,60,,,,,,,,0,X,,-1,,,CSUMB-WEE,CSUMB-WEE,,
,,,,,Homalothecium californicum,Homalothecium,,-1,Bryophyta,,,Bryopsida,Bryidae,,Hypnales,,,Brachytheciaceae,,,,Homalothecium,,Homalothecium californicum,,,60,,,,,,,,0,X,,-1,,,CSUMB-WEE,CSUMB-WEE,,
,,,,,Homalothecium fulgescens ,Homalothecium,,-1,Bryophyta,,,Bryopsida,Bryidae,,Hypnales,,,Brachytheciaceae,,,,Homalothecium,,Homalothecium fulgescens ,,,60,,,,,,,,0,X,,-1,,,CSUMB-WEE,CSUMB-WEE,,
,,,,,Homalothecium nevadense,Homalothecium,,-1,Bryophyta,,,Bryopsida,Bryidae,,Hypnales,,,Brachytheciaceae,,,,Homalothecium,,Homalothecium nevadense,,,60,,,,,,,,0,X,,-1,,,CSUMB-WEE,CSUMB-WEE,,
,,,,,Homalothecium nuttalli,Homalothecium,,-1,Bryophyta,,,Bryopsida,Bryidae,,Hypnales,,,Brachytheciaceae,,,,Homalothecium,,Homalothecium nuttalli,,,60,,,,,,,,0,X,,-1,,,CSUMB-WEE,CSUMB-WEE,,
,,,,,Homalothecium pinnatifidum,Homalothecium,,-1,Bryophyta,,,Bryopsida,Bryidae,,Hypnales,,,Brachytheciaceae,,,,Homalothecium,,Homalothecium pinnatifidum,,,60,,,,,,,,0,X,,-1,,,CSUMB-WEE,CSUMB-WEE,,
,,,,,Kindbergia,Brachytheciaceae,,-1,Bryophyta,,,Bryopsida,Bryidae,,Hypnales,,,Brachytheciaceae,,,,Kindbergia,,,,,50,,,,,,,,0,X,,-1,,,CSUMB-WEE,CSUMB-WEE,,
,,,,,Kindbergia oregana,Kindbergia,,-1,Bryophyta,,,Bryopsida,Bryidae,,Hypnales,,,Brachytheciaceae,,,,Kindbergia,,Kindbergia oregana,,,60,,,,,,,,0,X,,-1,,,CSUMB-WEE,CSUMB-WEE,,
,,,,,Kindbergia praelonga,Kindbergia,,-1,Bryophyta,,,Bryopsida,Bryidae,,Hypnales,,,Brachytheciaceae,,,,Kindbergia,,Kindbergia praelonga,,,60,,,,,,,,0,X,,-1,,,CSUMB-WEE,CSUMB-WEE,,
,,,,,Platyhypnidium,Brachytheciaceae,,-1,Bryophyta,,,Bryopsida,Bryidae,,Hypnales,,,Brachytheciaceae,,,,Platyhypnidium,,,,,50,,,,,,,,0,X,,-1,,,CSUMB-WEE,CSUMB-WEE,,
,,,,,Platyhypnidium pringlei,Platyhypnidium,,-1,Bryophyta,,,Bryopsida,Bryidae,,Hypnales,,,Brachytheciaceae,,,,Platyhypnidium,,Platyhypnidium pringlei,,,60,,,,,,,,0,X,,-1,,,CSUMB-WEE,CSUMB-WEE,,
,,,,,Platyhypnidium riparioides,Platyhypnidium,,-1,Bryophyta,,,Bryopsida,Bryidae,,Hypnales,,,Brachytheciaceae,,,,Platyhypnidium,,Platyhypnidium riparioides,,,60,,,,,,,,0,X,,-1,,,CSUMB-WEE,CSUMB-WEE,,
,,,,,Pseudoscleropodium,Brachytheciaceae,,-1,Bryophyta,,,Bryopsida,Bryidae,,Hypnales,,,Brachytheciaceae,,,,Platyhypnidium,,Pseudoscleropodium,,,50,,,,,,,,0,X,,-1,,,CSUMB-WEE,CSUMB-WEE,,
,,,,,Pseudoscleropodium purum,Pseudoscleropodium,,-1,Bryophyta,,,Bryopsida,Bryidae,,Hypnales,,,Brachytheciaceae,,,,Platyhypnidium,,Pseudoscleropodium purum,,,60,,,,,,,,0,X,,-1,,,CSUMB-WEE,CSUMB-WEE,,
,,,,,Rhynchostegium,Brachytheciaceae,,-1,Bryophyta,,,Bryopsida,Bryidae,,Hypnales,,,Brachytheciaceae,,,,Rhynchostegium,,,,,50,,,,,,,,0,X,,-1,,,CSUMB-WEE,CSUMB-WEE,,
,,,,,Rhynchostegium aquaticum,Rhynchostegium,,-1,Bryophyta,,,Bryopsida,Bryidae,,Hypnales,,,Brachytheciaceae,,,,Rhynchostegium,,Rhynchostegium aquaticum,,,60,,,,,,,,0,X,,-1,,,CSUMB-WEE,CSUMB-WEE,,
,,,,,Rhynchostegium serrulatum,Rhynchostegium,,-1,Bryophyta,,,Bryopsida,Bryidae,,Hypnales,,,Brachytheciaceae,,,,Rhynchostegium,,Rhynchostegium serrulatum,,,60,,,,,,,,0,X,,-1,,,CSUMB-WEE,CSUMB-WEE,,
,,,,,Scleropodium,Brachytheciaceae,,-1,Bryophyta,,,Bryopsida,Bryidae,,Hypnales,,,Brachytheciaceae,,,,Scleropodium,,,,,50,,,,,,,,0,X,,-1,,,CSUMB-WEE,CSUMB-WEE,,
,,,,,Scleropodium californicum,Scleropodium,,-1,Bryophyta,,,Bryopsida,Bryidae,,Hypnales,,,Brachytheciaceae,,,,Scleropodium,,Scleropodium californicum,,,60,,,,,,,,0,X,,-1,,,CSUMB-WEE,CSUMB-WEE,,
,,,,,Scleropodium cespitans,Scleropodium,,-1,Bryophyta,,,Bryopsida,Bryidae,,Hypnales,,,Brachytheciaceae,,,,Scleropodium,,Scleropodium cespitans,,,60,,,,,,,,0,X,,-1,,,CSUMB-WEE,CSUMB-WEE,,
,,,,,Scleropodium julaceum,Scleropodium,,-1,Bryophyta,,,Bryopsida,Bryidae,,Hypnales,,,Brachytheciaceae,,,,Scleropodium,,Scleropodium julaceum,,,60,,,,,,,,0,X,,-1,,,CSUMB-WEE,CSUMB-WEE,,
,,,,,Scleropodium obtusifolium,Scleropodium,,-1,Bryophyta,,,Bryopsida,Bryidae,,Hypnales,,,Brachytheciaceae,,,,Scleropodium,,Scleropodium obtusifolium,,,60,,,,,,,,0,X,,-1,,,CSUMB-WEE,CSUMB-WEE,,
,,,,,Scleropodium touretii,Scleropodium,,-1,Bryophyta,,,Bryopsida,Bryidae,,Hypnales,,,Brachytheciaceae,,,,Scleropodium,,Scleropodium touretii,,,60,,,,,,,,0,X,,-1,,,CSUMB-WEE,CSUMB-WEE,,
,,,,,Bryaceae,Bryales,,-1,Bryophyta,,,Bryopsida,Bryidae,,Bryales,,,Bryaceae,,,,,,,,,40,,,,,,,,0,X,,-1,,,CSUMB-WEE,CSUMB-WEE,,
,,,,,Fabronia,Fabroniaceae,,-1,Bryophyta,,,Bryopsida,Bryidae,,Hypnales,,,Fabroniaceae,,,,Fabronia,,,,,50,,,,,,,,0,X,,-1,,,CSUMB-WEE,CSUMB-WEE,,
,,,,,Fabronia pusilla,Fabronia,,-1,Bryophyta,,,Bryopsida,Bryidae,,Hypnales,,,Fabroniaceae,,,,Fabronia,,Fabronia pusilla,,,60,,,,,,,,0,X,,-1,,,CSUMB-WEE,CSUMB-WEE,,
,,,,,Mniaceae,Bryales,,-1,Bryophyta,,,Bryopsida,Bryidae,,Bryales,,,Mniaceae,,,,,,,,,40,,,,,,,,0,X,,-1,,,CSUMB-WEE,CSUMB-WEE,,
,,,,,Dichelyma,Fontinalaceae,,-1,Bryophyta,,,Bryopsida,,,Hypnales,,,Fontinalaceae,,,,Dichelyma,,,,,50,,,,,,,,0,X,,-1,,,CSUMB-WEE,CSUMB-WEE,,
,,,,,Dichelyma uncinatum,Dichelyma,,-1,Bryophyta,,,Bryopsida,,,Hypnales,,,Fontinalaceae,,,,Dichelyma,,Dichelyma uncinatum,,,60,,,,,,,,0,X,,-1,,,CSUMB-WEE,CSUMB-WEE,,
,,,,,Fontinalis,Fontinalaceae,,-1,Bryophyta,,,Bryopsida,,,Hypnales,,,Fontinalaceae,,,,Fontinalis,,,,,50,,,,,,,,0,X,,-1,,,CSUMB-WEE,CSUMB-WEE,,
,,,,,Fontinalis antipyretica,Fontinalis,,-1,Bryophyta,,,Bryopsida,,,Hypnales,,,Fontinalaceae,,,,Fontinalis,,Fontinalis antipyretica,,,60,,,,,,,,0,X,,-1,,,CSUMB-WEE,CSUMB-WEE,,
,,,,,Fontinalis chrysophylla,Fontinalis,,-1,Bryophyta,,,Bryopsida,,,Hypnales,,,Fontinalaceae,,,,Fontinalis,,Fontinalis chrysophylla,,,60,,,,,,,,0,X,,-1,,,CSUMB-WEE,CSUMB-WEE,,
,,,,,Fontinalis gigantea,Fontinalis,,-1,Bryophyta,,,Bryopsida,,,Hypnales,,,Fontinalaceae,,,,Fontinalis,,Fontinalis gigantea,,,60,,,,,,,,0,X,,-1,,,CSUMB-WEE,CSUMB-WEE,,
,,,,,Fontinalis howellii,Fontinalis,,-1,Bryophyta,,,Bryopsida,,,Hypnales,,,Fontinalaceae,,,,Fontinalis,,Fontinalis howellii,,,60,,,,,,,,0,X,,-1,,,CSUMB-WEE,CSUMB-WEE,,
,,,,,Fontinalis mollis,Fontinalis,,-1,Bryophyta,,,Bryopsida,,,Hypnales,,,Fontinalaceae,,,,Fontinalis,,Fontinalis mollis,,,60,,,,,,,,0,X,,-1,,,CSUMB-WEE,CSUMB-WEE,,
,,,,,Fontinalis neomexicana,Fontinalis,,-1,Bryophyta,,,Bryopsida,,,Hypnales,,,Fontinalaceae,,,,Fontinalis,,Fontinalis neomexicana,,,60,,,,,,,,0,X,,-1,,,CSUMB-WEE,CSUMB-WEE,,
,,,,,Mielichhoferiaceae,Bryales,,-1,Bryophyta,,,Bryopsida,Bryidae,,Bryales,,,Mielichhoferiaceae,,,,,,,,,40,,,,,,,,0,X,,-1,,,CSUMB-WEE,CSUMB-WEE,,
,,,,,Claopodium,Leskeaceae,,-1,Bryophyta,,,Bryopsida,Bryidae,,Hypnales,,,Leskeaceae,,,,Claopodium,,,,,50,,,,,,,,0,X,,-1,,,CSUMB-WEE,CSUMB-WEE,,
,,,,,Claopodium bolanderi,Claopodium,,-1,Bryophyta,,,Bryopsida,Bryidae,,Hypnales,,,Leskeaceae,,,,Claopodium,,Claopodium bolanderi,,,60,,,,,,,,0,X,,-1,,,CSUMB-WEE,CSUMB-WEE,,
,,,,,Claopodium crispfolium,Claopodium,,-1,Bryophyta,,,Bryopsida,Bryidae,,Hypnales,,,Leskeaceae,,,,Claopodium,,Claopodium crispfolium,,,60,,,,,,,,0,X,,-1,,,CSUMB-WEE,CSUMB-WEE,,
,,,,,Claopodium whippleanum,Claopodium,,-1,Bryophyta,,,Bryopsida,Bryidae,,Hypnales,,,Leskeaceae,,,,Claopodium,,Claopodium whippleanum,,,60,,,,,,,,0,X,,-1,,,CSUMB-WEE,CSUMB-WEE,,
,,,,,Leskea,Leskeaceae,,-1,Bryophyta,,,Bryopsida,Bryidae,,Hypnales,,,Leskeaceae,,,,Leskea,,,,,50,,,,,,,,0,X,,-1,,,CSUMB-WEE,CSUMB-WEE,,
,,,,,Leskea polycarpa,Leskea,,-1,Bryophyta,,,Bryopsida,Bryidae,,Hypnales,,,Leskeaceae,,,,Leskea,,Leskea polycarpa,,,60,,,,,,,,0,X,,-1,,,CSUMB-WEE,CSUMB-WEE,,
,,,,,Pseudoleskea,Leskeaceae,,-1,Bryophyta,,,Bryopsida,Bryidae,,Hypnales,,,Leskeaceae,,,,Pseudoleskea,,,,,50,,,,,,,,0,X,,-1,,,CSUMB-WEE,CSUMB-WEE,,
,,,,,Pseudoleskea incurvata,Pseudoleskea,,-1,Bryophyta,,,Bryopsida,Bryidae,,Hypnales,,,Leskeaceae,,,,Pseudoleskea,,Pseudoleskea incurvata,,,60,,,,,,,,0,X,,-1,,,CSUMB-WEE,CSUMB-WEE,,
,,,,,Pseudoleskea patens,Pseudoleskea,,-1,Bryophyta,,,Bryopsida,Bryidae,,Hypnales,,,Leskeaceae,,,,Pseudoleskea,,Pseudoleskea patens,,,60,,,,,,,,0,X,,-1,,,CSUMB-WEE,CSUMB-WEE,,
,,,,,Pseudoleskea radicosa,Pseudoleskea,,-1,Bryophyta,,,Bryopsida,Bryidae,,Hypnales,,,Leskeaceae,,,,Pseudoleskea,,Pseudoleskea radicosa,,,60,,,,,,,,0,X,,-1,,,CSUMB-WEE,CSUMB-WEE,,
,,,,,Pseudoleskea radicosa var. pallida,Pseudoleskea,,-1,Bryophyta,,,Bryopsida,Bryidae,,Hypnales,,,Leskeaceae,,,,Pseudoleskea,,Pseudoleskea radicosa,,Pseudoleskea radicosa var. pallida,60,,,,,,,,0,X,,-1,,,CSUMB-WEE,CSUMB-WEE,,
,,,,,Pseudoleskea saviana,Pseudoleskea,,-1,Bryophyta,,,Bryopsida,Bryidae,,Hypnales,,,Leskeaceae,,,,Pseudoleskea,,Pseudoleskea saviana,,,60,,,,,,,,0,X,,-1,,,CSUMB-WEE,CSUMB-WEE,,
,,,,,Pseudoleskea stenophylla,Pseudoleskea,,-1,Bryophyta,,,Bryopsida,Bryidae,,Hypnales,,,Leskeaceae,,,,Pseudoleskea,,Pseudoleskea stenophylla,,,60,,,,,,,,0,X,,-1,,,CSUMB-WEE,CSUMB-WEE,,
,,,,,Pseudoleskea tribulosa,Pseudoleskea,,-1,Bryophyta,,,Bryopsida,Bryidae,,Hypnales,,,Leskeaceae,,,,Pseudoleskea,,Pseudoleskea tribulosa,,,60,,,,,,,,0,X,,-1,,,CSUMB-WEE,CSUMB-WEE,,
,,,,,Pseudoleskeella,Leskeaceae,,-1,Bryophyta,,,Bryopsida,Bryidae,,Hypnales,,,Leskeaceae,,,,Pseudoleskeella,,,,,50,,,,,,,,0,X,,-1,,,CSUMB-WEE,CSUMB-WEE,,
,,,,,Pseudoleskeella serpentinensis,Pseudoleskeella,,-1,Bryophyta,,,Bryopsida,Bryidae,,Hypnales,,,Leskeaceae,,,,Pseudoleskeella,,Pseudoleskeella serpentinensis,,,60,,,,,,,,0,X,,-1,,,CSUMB-WEE,CSUMB-WEE,,
,,,,,Pseudoleskeella tectorum,Pseudoleskeella,,-1,Bryophyta,,,Bryopsida,Bryidae,,Hypnales,,,Leskeaceae,,,,Pseudoleskeella,,Pseudoleskeella tectorum,,,60,,,,,,,,0,X,,-1,,,CSUMB-WEE,CSUMB-WEE,,
,,,,,Ditrichaceae,Dicranales,,-1,Bryophyta,,,Bryopsida,Dicranidae,,Dicranales,,,Ditrichaceae,,,,,,,,,40,,,,,,,,0,X,,-1,,,CSUMB-WEE,CSUMB-WEE,,
,,,,,Aulacomnium,Aulacomniaceae,,-1,Bryophyta,,,Bryopsida,Bryidae,,Aulacomniales,,,Aulacomniaceae,,,,Aulacomnium,,,,,50,,,,,,,,0,X,,-1,,,CSUMB-WEE,CSUMB-WEE,,
,,,,,Aulacomnium androgynum,Aulacomnium,,-1,Bryophyta,,,Bryopsida,Bryidae,,Aulacomniales,,,Aulacomniaceae,,,,Aulacomnium,,Aulacomnium androgynum,,,60,,,,,,,,0,X,,-1,,,CSUMB-WEE,CSUMB-WEE,,
,,,,,Aulacomnium palustre,Aulacomnium,,-1,Bryophyta,,,Bryopsida,Bryidae,,Aulacomniales,,,Aulacomniaceae,,,,Aulacomnium,,Aulacomnium palustre,,,60,,,,,,,,0,X,,-1,,,CSUMB-WEE,CSUMB-WEE,,
,,,,,Fissidentaceae,Dicranales,,-1,Bryophyta,,,Bryopsida,Dicranidae,,Dicranales,,,Fissidentaceae,,,,,,,,,40,,,,,,,,0,X,,-1,,,CSUMB-WEE,CSUMB-WEE,,
,,,,,Anacolia,Bartramiaceae,,-1,Bryophyta,,,Bryopsida,Bryidae,,Bartramiales,,,Bartramiaceae,,,,Anacolia,,,,,50,,,,,,,,0,X,,-1,,,CSUMB-WEE,CSUMB-WEE,,
,,,,,Anacolia baueri,Anacolia,,-1,Bryophyta,,,Bryopsida,Bryidae,,Bartramiales,,,Bartramiaceae,,,,Anacolia,,Anacolia baueri,,,60,,,,,,,,0,X,,-1,,,CSUMB-WEE,CSUMB-WEE,,
,,,,,Anacolia laevisphaera,Anacolia,,-1,Bryophyta,,,Bryopsida,Bryidae,,Bartramiales,,,Bartramiaceae,,,,Anacolia,,Anacolia laevisphaera,,,60,,,,,,,,0,X,,-1,,,CSUMB-WEE,CSUMB-WEE,,
,,,,,Anacolia menziesii,Anacolia,,-1,Bryophyta,,,Bryopsida,Bryidae,,Bartramiales,,,Bartramiaceae,,,,Anacolia,,Anacolia menziesii,,,60,,,,,,,,0,X,,-1,,,CSUMB-WEE,CSUMB-WEE,,
,,,,,Bartramia,Bartramiaceae,,-1,Bryophyta,,,Bryopsida,Bryidae,,Bartramiales,,,Bartramiaceae,,,,Bartramia,,,,,50,,,,,,,,0,X,,-1,,,CSUMB-WEE,CSUMB-WEE,,
,,,,,Bartramia ithyphylla,Bartramia,,-1,Bryophyta,,,Bryopsida,Bryidae,,Bartramiales,,,Bartramiaceae,,,,Bartramia,,Bartramia ithyphylla,,,60,,,,,,,,0,X,,-1,,,CSUMB-WEE,CSUMB-WEE,,
,,,,,Bartramia pomiformis,Bartramia,,-1,Bryophyta,,,Bryopsida,Bryidae,,Bartramiales,,,Bartramiaceae,,,,Bartramia,,Bartramia pomiformis,,,60,,,,,,,,0,X,,-1,,,CSUMB-WEE,CSUMB-WEE,,
,,,,,Bartramia stricta,Bartramia,,-1,Bryophyta,,,Bryopsida,Bryidae,,Bartramiales,,,Bartramiaceae,,,,Bartramia,,Bartramia stricta,,,60,,,,,,,,0,X,,-1,,,CSUMB-WEE,CSUMB-WEE,,
,,,,,Philonotis,Bartramiaceae,,-1,Bryophyta,,,Bryopsida,Bryidae,,Bartramiales,,,Bartramiaceae,,,,Philonotis,,,,,50,,,,,,,,0,X,,-1,,,CSUMB-WEE,CSUMB-WEE,,
,,,,,Philonotis americana,Philonotis,,-1,Bryophyta,,,Bryopsida,Bryidae,,Bartramiales,,,Bartramiaceae,,,,Philonotis,,Philonotis americana,,,60,,,,,,,,0,X,,-1,,,CSUMB-WEE,CSUMB-WEE,,
,,,,,Philonotis caespitosa,Philonotis,,-1,Bryophyta,,,Bryopsida,Bryidae,,Bartramiales,,,Bartramiaceae,,,,Philonotis,,Philonotis caespitosa,,,60,,,,,,,,0,X,,-1,,,CSUMB-WEE,CSUMB-WEE,,
,,,,,Philonotis calcarea,Philonotis,,-1,Bryophyta,,,Bryopsida,Bryidae,,Bartramiales,,,Bartramiaceae,,,,Philonotis,,Philonotis calcarea,,,60,,,,,,,,0,X,,-1,,,CSUMB-WEE,CSUMB-WEE,,
,,,,,Philonotis capillaris,Philonotis,,-1,Bryophyta,,,Bryopsida,Bryidae,,Bartramiales,,,Bartramiaceae,,,,Philonotis,,Philonotis capillaris,,,60,,,,,,,,0,X,,-1,,,CSUMB-WEE,CSUMB-WEE,,
,,,,,Philonotis fontanus,Philonotis,,-1,Bryophyta,,,Bryopsida,Bryidae,,Bartramiales,,,Bartramiaceae,,,,Philonotis,,Philonotis fontanus,,,60,,,,,,,,0,X,,-1,,,CSUMB-WEE,CSUMB-WEE,,
,,,,,Philonotis marchia,Philonotis,,-1,Bryophyta,,,Bryopsida,Bryidae,,Bartramiales,,,Bartramiaceae,,,,Philonotis,,Philonotis marchia,,,60,,,,,,,,0,X,,-1,,,CSUMB-WEE,CSUMB-WEE,,
,,,,,Philonotis muhlenbergia,Philonotis,,-1,Bryophyta,,,Bryopsida,Bryidae,,Bartramiales,,,Bartramiaceae,,,,Philonotis,,Philonotis muhlenbergia,,,60,,,,,,,,0,X,,-1,,,CSUMB-WEE,CSUMB-WEE,,
,,,,,Philonotis tomentella,Philonotis,,-1,Bryophyta,,,Bryopsida,Bryidae,,Bartramiales,,,Bartramiaceae,,,,Philonotis,,Philonotis tomentella,,,60,,,,,,,,0,X,,-1,,,CSUMB-WEE,CSUMB-WEE,,
,,,,,Philonotis yezoana,Philonotis,,-1,Bryophyta,,,Bryopsida,Bryidae,,Bartramiales,,,Bartramiaceae,,,,Philonotis,,Philonotis yezoana,,,60,,,,,,,,0,X,,-1,,,CSUMB-WEE,CSUMB-WEE,,
,,,,,Conostomum,Bartramiaceae,,-1,Bryophyta,,,Bryopsida,Bryidae,,Bartramiales,,,Bartramiaceae,,,,Conostomum,,,,,50,,,,,,,,0,X,,-1,,,CSUMB-WEE,CSUMB-WEE,,
,,,,,Conostomum tetragonum,Conostomum,,-1,Bryophyta,,,Bryopsida,Bryidae,,Bartramiales,,,Bartramiaceae,,,,Conostomum,,Conostomum tetragonum,,,60,,,,,,,,0,X,,-1,,,CSUMB-WEE,CSUMB-WEE,,
,,,,,Funariaceae,Funariales,,-1,Bryophyta,,,Bryopsida,Funariidae,,Funariales,,,Funariaceae,,,,,,,,,40,,,,,,,,0,X,,-1,,,CSUMB-WEE,CSUMB-WEE,,
,,,,,Anomobryum,Bryaceae,,-1,Bryophyta,,,Bryopsida,Bryidae,,Bryales,,,Bryaceae,,,,Anomobryum,,,,,50,,,,,,,,0,X,,-1,,,CSUMB-WEE,CSUMB-WEE,,
,,,,,Anomobryum concinnatum,Anomobryum,,-1,Bryophyta,,,Bryopsida,Bryidae,,Bryales,,,Bryaceae,,,,Anomobryum,,Anomobryum concinnatum,,,60,,,,,,,,0,X,,-1,,,CSUMB-WEE,CSUMB-WEE,,
,,,,,Anomobryum julaceum,Anomobryum,,-1,Bryophyta,,,Bryopsida,Bryidae,,Bryales,,,Bryaceae,,,,Anomobryum,,Anomobryum julaceum,,,60,,,,,,,,0,X,,-1,,,CSUMB-WEE,CSUMB-WEE,,
,,,,,Bryum,Bryaceae,,-1,Bryophyta,,,Bryopsida,Bryidae,,Bryales,,,Bryaceae,,,,Bryum,,,,,50,,,,,,,,0,X,,-1,,,CSUMB-WEE,CSUMB-WEE,,
,,,,,Bryum argentum,Bryum,,-1,Bryophyta,,,Bryopsida,Bryidae,,Bryales,,,Bryaceae,,,,Bryum,,Bryum argentum,,,60,,,,,,,,0,X,,-1,,,CSUMB-WEE,CSUMB-WEE,,
,,,,,Bryum blindii,Bryum,,-1,Bryophyta,,,Bryopsida,Bryidae,,Bryales,,,Bryaceae,,,,Bryum,,Bryum blindii,,,60,,,,,,,,0,X,,-1,,,CSUMB-WEE,CSUMB-WEE,,
,,,,,Bryum calobryoides,Bryum,,-1,Bryophyta,,,Bryopsida,Bryidae,,Bryales,,,Bryaceae,,,,Bryum,,Bryum calobryoides,,,60,,,,,,,,0,X,,-1,,,CSUMB-WEE,CSUMB-WEE,,
,,,,,Bryum chryseum,Bryum,,-1,Bryophyta,,,Bryopsida,Bryidae,,Bryales,,,Bryaceae,,,,Bryum,,Bryum chryseum,,,60,,,,,,,,0,X,,-1,,,CSUMB-WEE,CSUMB-WEE,,
,,,,,Bryum lanatum,Bryum,,-1,Bryophyta,,,Bryopsida,Bryidae,,Bryales,,,Bryaceae,,,,Bryum,,Bryum lanatum,,,60,,,,,,,,0,X,,-1,,,CSUMB-WEE,CSUMB-WEE,,
,,,,,Gemmabryum,Bryaceae,,-1,Bryophyta,,,Bryopsida,Bryidae,,Bryales,,,Bryaceae,,,,Gemmabryum,,,,,50,,,,,,,,0,X,,-1,,,CSUMB-WEE,CSUMB-WEE,,
,,,,,Gemmabryum barnesii,Gemmabryum,,-1,Bryophyta,,,Bryopsida,Bryidae,,Bryales,,,Bryaceae,,,,Gemmabryum,,Gemmabryum barnesii,,,60,,,,,,,,0,X,,-1,,,CSUMB-WEE,CSUMB-WEE,,
,,,,,Gemmabryum caespiticium,Gemmabryum,,-1,Bryophyta,,,Bryopsida,Bryidae,,Bryales,,,Bryaceae,,,,Gemmabryum,,Gemmabryum caespiticium,,,60,,,,,,,,0,X,,-1,,,CSUMB-WEE,CSUMB-WEE,,
,,,,,Gemmabryum californicum,Gemmabryum,,-1,Bryophyta,,,Bryopsida,Bryidae,,Bryales,,,Bryaceae,,,,Gemmabryum,,Gemmabryum californicum,,,60,,,,,,,,0,X,,-1,,,CSUMB-WEE,CSUMB-WEE,,
,,,,,Gemmabryum dichotomum,Gemmabryum,,-1,Bryophyta,,,Bryopsida,Bryidae,,Bryales,,,Bryaceae,,,,Gemmabryum,,Gemmabryum dichotomum,,,60,,,,,,,,0,X,,-1,,,CSUMB-WEE,CSUMB-WEE,,
,,,,,Gemmabryum gemmiferum,Gemmabryum,,-1,Bryophyta,,,Bryopsida,Bryidae,,Bryales,,,Bryaceae,,,,Gemmabryum,,Gemmabryum gemmiferum,,,60,,,,,,,,0,X,,-1,,,CSUMB-WEE,CSUMB-WEE,,
,,,,,Gemmabryum gemmilucens,Gemmabryum,,-1,Bryophyta,,,Bryopsida,Bryidae,,Bryales,,,Bryaceae,,,,Gemmabryum,,Gemmabryum gemmilucens,,,60,,,,,,,,0,X,,-1,,,CSUMB-WEE,CSUMB-WEE,,
,,,,,Gemmabryum klinggraeffii,Gemmabryum,,-1,Bryophyta,,,Bryopsida,Bryidae,,Bryales,,,Bryaceae,,,,Gemmabryum,,Gemmabryum klinggraeffii,,,60,,,,,,,,0,X,,-1,,,CSUMB-WEE,CSUMB-WEE,,
,,,,,Gemmabryum kunzei,Gemmabryum,,-1,Bryophyta,,,Bryopsida,Bryidae,,Bryales,,,Bryaceae,,,,Gemmabryum,,Gemmabryum kunzei,,,60,,,,,,,,0,X,,-1,,,CSUMB-WEE,CSUMB-WEE,,
,,,,,Gemmabryum radiculosum,Gemmabryum,,-1,Bryophyta,,,Bryopsida,Bryidae,,Bryales,,,Bryaceae,,,,Gemmabryum,,Gemmabryum radiculosum,,,60,,,,,,,,0,X,,-1,,,CSUMB-WEE,CSUMB-WEE,,
,,,,,Gemmabryum subapiculatum,Gemmabryum,,-1,Bryophyta,,,Bryopsida,Bryidae,,Bryales,,,Bryaceae,,,,Gemmabryum,,Gemmabryum subapiculatum,,,60,,,,,,,,0,X,,-1,,,CSUMB-WEE,CSUMB-WEE,,
,,,,,Gemmabryum tenuisetum,Gemmabryum,,-1,Bryophyta,,,Bryopsida,Bryidae,,Bryales,,,Bryaceae,,,,Gemmabryum,,Gemmabryum tenuisetum,,,60,,,,,,,,0,X,,-1,,,CSUMB-WEE,CSUMB-WEE,,
,,,,,Gemmabryum valparaisense,Gemmabryum,,-1,Bryophyta,,,Bryopsida,Bryidae,,Bryales,,,Bryaceae,,,,Gemmabryum,,Gemmabryum valparaisense,,,60,,,,,,,,0,X,,-1,,,CSUMB-WEE,CSUMB-WEE,,
,,,,,Gemmabryum violaceum,Gemmabryum,,-1,Bryophyta,,,Bryopsida,Bryidae,,Bryales,,,Bryaceae,,,,Gemmabryum,,Gemmabryum violaceum,,,60,,,,,,,,0,X,,-1,,,CSUMB-WEE,CSUMB-WEE,,
,,,,,Haplodontium,Bryaceae,,-1,Bryophyta,,,Bryopsida,Bryidae,,Bryales,,,Bryaceae,,,,Haplodontium,,,,,50,,,,,,,,0,X,,-1,,,CSUMB-WEE,CSUMB-WEE,,
,,,,,Haplodontium tehamense,Haplodontium,,-1,Bryophyta,,,Bryopsida,Bryidae,,Bryales,,,Bryaceae,,,,Haplodontium,,Haplodontium tehamense,,,60,,,,,,,,0,X,,-1,,,CSUMB-WEE,CSUMB-WEE,,
,,,,,Imbribryum,Bryaceae,,-1,Bryophyta,,,Bryopsida,Bryidae,,Bryales,,,Bryaceae,,,,Imbribryum,,,,,50,,,,,,,,0,X,,-1,,,CSUMB-WEE,CSUMB-WEE,,
,,,,,Imbribryum alpinum,Imbribryum,,-1,Bryophyta,,,Bryopsida,Bryidae,,Bryales,,,Bryaceae,,,,Imbribryum,,Imbribryum alpinum,,,60,,,,,,,,0,X,,-1,,,CSUMB-WEE,CSUMB-WEE,,
,,,,,Imbribryum gemmiparum,Imbribryum,,-1,Bryophyta,,,Bryopsida,Bryidae,,Bryales,,,Bryaceae,,,,Imbribryum,,Imbribryum gemmiparum,,,60,,,,,,,,0,X,,-1,,,CSUMB-WEE,CSUMB-WEE,,
,,,,,Imbribryum microchaeton,Imbribryum,,-1,Bryophyta,,,Bryopsida,Bryidae,,Bryales,,,Bryaceae,,,,Imbribryum,,Imbribryum microchaeton,,,60,,,,,,,,0,X,,-1,,,CSUMB-WEE,CSUMB-WEE,,
,,,,,Imbribryum mildeanum,Imbribryum,,-1,Bryophyta,,,Bryopsida,Bryidae,,Bryales,,,Bryaceae,,,,Imbribryum,,Imbribryum mildeanum,,,60,,,,,,,,0,X,,-1,,,CSUMB-WEE,CSUMB-WEE,,
,,,,,Imbribryum miniatum,Imbribryum,,-1,Bryophyta,,,Bryopsida,Bryidae,,Bryales,,,Bryaceae,,,,Imbribryum,,Imbribryum miniatum,,,60,,,,,,,,0,X,,-1,,,CSUMB-WEE,CSUMB-WEE,,
,,,,,Imbribryum muhlenbeckii,Imbribryum,,-1,Bryophyta,,,Bryopsida,Bryidae,,Bryales,,,Bryaceae,,,,Imbribryum,,Imbribryum muhlenbeckii,,,60,,,,,,,,0,X,,-1,,,CSUMB-WEE,CSUMB-WEE,,
,,,,,Imbribryum sp. nov.,Imbribryum,,-1,Bryophyta,,,Bryopsida,Bryidae,,Bryales,,,Bryaceae,,,,Imbribryum,,Imbribryum sp. nov.,,,60,,,,,,,,0,X,,-1,,,CSUMB-WEE,CSUMB-WEE,,
,,,,,Plagiobryiodes,Bryaceae,,-1,Bryophyta,,,Bryopsida,Bryidae,,Bryales,,,Bryaceae,,,,Plagiobryiodes,,,,,50,,,,,,,,0,X,,-1,,,CSUMB-WEE,CSUMB-WEE,,
,,,,,Plagiobryiodes vinosula,Plagiobryiodes,,-1,Bryophyta,,,Bryopsida,Bryidae,,Bryales,,,Bryaceae,,,,Plagiobryiodes,,Plagiobryiodes vinosula,,,60,,,,,,,,0,X,,-1,,,CSUMB-WEE,CSUMB-WEE,,
,,,,,Ptychostomum,Bryaceae,,-1,Bryophyta,,,Bryopsida,Bryidae,,Bryales,,,Bryaceae,,,,Ptychostomum,,,,,50,,,,,,,,0,X,,-1,,,CSUMB-WEE,CSUMB-WEE,,
,,,,,Ptychostomum arcticum,Ptychostomum,,-1,Bryophyta,,,Bryopsida,Bryidae,,Bryales,,,Bryaceae,,,,Ptychostomum,,Ptychostomum arcticum,,,60,,,,,,,,0,X,,-1,,,CSUMB-WEE,CSUMB-WEE,,
,,,,,Ptychostomum badium,Ptychostomum,,-1,Bryophyta,,,Bryopsida,Bryidae,,Bryales,,,Bryaceae,,,,Ptychostomum,,Ptychostomum badium,,,60,,,,,,,,0,X,,-1,,,CSUMB-WEE,CSUMB-WEE,,
,,,,,Ptychostomum bimum,Ptychostomum,,-1,Bryophyta,,,Bryopsida,Bryidae,,Bryales,,,Bryaceae,,,,Ptychostomum,,Ptychostomum bimum,,,60,,,,,,,,0,X,,-1,,,CSUMB-WEE,CSUMB-WEE,,
,,,,,Ptychostomum cernuum,Ptychostomum,,-1,Bryophyta,,,Bryopsida,Bryidae,,Bryales,,,Bryaceae,,,,Ptychostomum,,Ptychostomum cernuum,,,60,,,,,,,,0,X,,-1,,,CSUMB-WEE,CSUMB-WEE,,
,,,,,Ptychostomum creberrimum,Ptychostomum,,-1,Bryophyta,,,Bryopsida,Bryidae,,Bryales,,,Bryaceae,,,,Ptychostomum,,Ptychostomum creberrimum,,,60,,,,,,,,0,X,,-1,,,CSUMB-WEE,CSUMB-WEE,,
,,,,,Ptychostomum cyclophyllum,Ptychostomum,,-1,Bryophyta,,,Bryopsida,Bryidae,,Bryales,,,Bryaceae,,,,Ptychostomum,,Ptychostomum cyclophyllum,,,60,,,,,,,,0,X,,-1,,,CSUMB-WEE,CSUMB-WEE,,
,,,,,Ptychostomum inclinatum,Ptychostomum,,-1,Bryophyta,,,Bryopsida,Bryidae,,Bryales,,,Bryaceae,,,,Ptychostomum,,Ptychostomum inclinatum,,,60,,,,,,,,0,X,,-1,,,CSUMB-WEE,CSUMB-WEE,,
,,,,,Ptychostomum lonchocaulon,Ptychostomum,,-1,Bryophyta,,,Bryopsida,Bryidae,,Bryales,,,Bryaceae,,,,Ptychostomum,,Ptychostomum lonchocaulon,,,60,,,,,,,,0,X,,-1,,,CSUMB-WEE,CSUMB-WEE,,
,,,,,Ptychostomum neodamense,Ptychostomum,,-1,Bryophyta,,,Bryopsida,Bryidae,,Bryales,,,Bryaceae,,,,Ptychostomum,,Ptychostomum neodamense,,,60,,,,,,,,0,X,,-1,,,CSUMB-WEE,CSUMB-WEE,,
,,,,,Ptychostomum pallens,Ptychostomum,,-1,Bryophyta,,,Bryopsida,Bryidae,,Bryales,,,Bryaceae,,,,Ptychostomum,,Ptychostomum pallens,,,60,,,,,,,,0,X,,-1,,,CSUMB-WEE,CSUMB-WEE,,
,,,,,Ptychostomum pallescens,Ptychostomum,,-1,Bryophyta,,,Bryopsida,Bryidae,,Bryales,,,Bryaceae,,,,Ptychostomum,,Ptychostomum pallescens,,,60,,,,,,,,0,X,,-1,,,CSUMB-WEE,CSUMB-WEE,,
,,,,,Ptychostomum pseudotriquetrum,Ptychostomum,,-1,Bryophyta,,,Bryopsida,Bryidae,,Bryales,,,Bryaceae,,,,Ptychostomum,,Ptychostomum pseudotriquetrum,,,60,,,,,,,,0,X,,-1,,,CSUMB-WEE,CSUMB-WEE,,
,,,,,Ptychostomum schleicheri,Ptychostomum,,-1,Bryophyta,,,Bryopsida,Bryidae,,Bryales,,,Bryaceae,,,,Ptychostomum,,Ptychostomum schleicheri,,,60,,,,,,,,0,X,,-1,,,CSUMB-WEE,CSUMB-WEE,,
,,,,,Ptychostomum turbinatum,Ptychostomum,,-1,Bryophyta,,,Bryopsida,Bryidae,,Bryales,,,Bryaceae,,,,Ptychostomum,,Ptychostomum turbinatum,,,60,,,,,,,,0,X,,-1,,,CSUMB-WEE,CSUMB-WEE,,
,,,,,Ptychostomum weigelii,Ptychostomum,,-1,Bryophyta,,,Bryopsida,Bryidae,,Bryales,,,Bryaceae,,,,Ptychostomum,,Ptychostomum weigelii,,,60,,,,,,,,0,X,,-1,,,CSUMB-WEE,CSUMB-WEE,,
,,,,,Roellia,Bryaceae,,-1,Bryophyta,,,Bryopsida,Bryidae,,Bryales,,,Bryaceae,,,,Roellia,,,,,50,,,,,,,,0,X,,-1,,,CSUMB-WEE,CSUMB-WEE,,
,,,,,Roellia roellia,Roellia,,-1,Bryophyta,,,Bryopsida,Bryidae,,Bryales,,,Bryaceae,,,,Roellia,,Roellia roellia,,,60,,,,,,,,0,X,,-1,,,CSUMB-WEE,CSUMB-WEE,,
,,,,,Rosulabryum,Bryaceae,,-1,Bryophyta,,,Bryopsida,Bryidae,,Bryales,,,Bryaceae,,,,Rosulabryum,,,,,50,,,,,,,,0,X,,-1,,,CSUMB-WEE,CSUMB-WEE,,
,,,,,Rosulabryum canariense,Rosulabryum,,-1,Bryophyta,,,Bryopsida,Bryidae,,Bryales,,,Bryaceae,,,,Rosulabryum,,Rosulabryum canariense,,,60,,,,,,,,0,X,,-1,,,CSUMB-WEE,CSUMB-WEE,,
,,,,,Rosulabryum capillare,Rosulabryum,,-1,Bryophyta,,,Bryopsida,Bryidae,,Bryales,,,Bryaceae,,,,Rosulabryum,,Rosulabryum capillare,,,60,,,,,,,,0,X,,-1,,,CSUMB-WEE,CSUMB-WEE,,
,,,,,Rosulabryum elegans,Rosulabryum,,-1,Bryophyta,,,Bryopsida,Bryidae,,Bryales,,,Bryaceae,,,,Rosulabryum,,Rosulabryum elegans,,,60,,,,,,,,0,X,,-1,,,CSUMB-WEE,CSUMB-WEE,,
,,,,,Rosulabryum flaccidum,Rosulabryum,,-1,Bryophyta,,,Bryopsida,Bryidae,,Bryales,,,Bryaceae,,,,Rosulabryum,,Rosulabryum flaccidum,,,60,,,,,,,,0,X,,-1,,,CSUMB-WEE,CSUMB-WEE,,
,,,,,Rosulabryum gemmascens,Rosulabryum,,-1,Bryophyta,,,Bryopsida,Bryidae,,Bryales,,,Bryaceae,,,,Rosulabryum,,Rosulabryum gemmascens,,,60,,,,,,,,0,X,,-1,,,CSUMB-WEE,CSUMB-WEE,,
,,,,,Rosulabryum laevifilum,Rosulabryum,,-1,Bryophyta,,,Bryopsida,Bryidae,,Bryales,,,Bryaceae,,,,Rosulabryum,,Rosulabryum laevifilum,,,60,,,,,,,,0,X,,-1,,,CSUMB-WEE,CSUMB-WEE,,
,,,,,Rosulabryum rubens,Rosulabryum,,-1,Bryophyta,,,Bryopsida,Bryidae,,Bryales,,,Bryaceae,,,,Rosulabryum,,Rosulabryum rubens,,,60,,,,,,,,0,X,,-1,,,CSUMB-WEE,CSUMB-WEE,,
,,,,,Rosulabryum torquescens,Rosulabryum,,-1,Bryophyta,,,Bryopsida,Bryidae,,Bryales,,,Bryaceae,,,,Rosulabryum,,Rosulabryum torquescens,,,60,,,,,,,,0,X,,-1,,,CSUMB-WEE,CSUMB-WEE,,
,,,,,Grimmiaceae,Grimmiales,,-1,Bryophyta,,,Bryopsida,Dicranidae,,Grimmiales,,,Grimmiaceae,,,,,,,,,40,,,,,,,,0,X,,-1,,,CSUMB-WEE,CSUMB-WEE,,
,,,,,Ceratodon,Ditrichaceae,,-1,Bryophyta,,,Bryopsida,Dicranidae,,Dicranales,,,Ditrichaceae,,,,Ceratodon,,,,,50,,,,,,,,0,X,,-1,,,CSUMB-WEE,CSUMB-WEE,,
,,,,,Ceratodon purpureus,Ceratodon,,-1,Bryophyta,,,Bryopsida,Dicranidae,,Dicranales,,,Ditrichaceae,,,,Ceratodon,,Ceratodon purpureus,,,60,,,,,,,,0,X,,-1,,,CSUMB-WEE,CSUMB-WEE,,
,,,,,Ceratodon stenocarpus,Ceratodon,,-1,Bryophyta,,,Bryopsida,Dicranidae,,Dicranales,,,Ditrichaceae,,,,Ceratodon,,Ceratodon stenocarpus,,,60,,,,,,,,0,X,,-1,,,CSUMB-WEE,CSUMB-WEE,,
,,,,,Distichium,Ditrichaceae,,-1,Bryophyta,,,Bryopsida,Dicranidae,,Dicranales,,,Ditrichaceae,,,,Distichium,,,,,50,,,,,,,,0,X,,-1,,,CSUMB-WEE,CSUMB-WEE,,
,,,,,Distichium capillaceum,Distichium,,-1,Bryophyta,,,Bryopsida,Dicranidae,,Dicranales,,,Ditrichaceae,,,,Distichium,,Distichium capillaceum,,,60,,,,,,,,0,X,,-1,,,CSUMB-WEE,CSUMB-WEE,,
,,,,,Distichium inclinatum,Distichium,,-1,Bryophyta,,,Bryopsida,Dicranidae,,Dicranales,,,Ditrichaceae,,,,Distichium,,Distichium inclinatum,,,60,,,,,,,,0,X,,-1,,,CSUMB-WEE,CSUMB-WEE,,
,,,,,Ditrichum,Ditrichaceae,,-1,Bryophyta,,,Bryopsida,Dicranidae,,Dicranales,,,Ditrichaceae,,,,Ditrichum,,,,,50,,,,,,,,0,X,,-1,,,CSUMB-WEE,CSUMB-WEE,,
,,,,,Ditrichum ambiguum,Ditrichum,,-1,Bryophyta,,,Bryopsida,Dicranidae,,Dicranales,,,Ditrichaceae,,,,Ditrichum,,Ditrichum ambiguum,,,60,,,,,,,,0,X,,-1,,,CSUMB-WEE,CSUMB-WEE,,
,,,,,Ditrichum heteromallum,Ditrichum,,-1,Bryophyta,,,Bryopsida,Dicranidae,,Dicranales,,,Ditrichaceae,,,,Ditrichum,,Ditrichum heteromallum,,,60,,,,,,,,0,X,,-1,,,CSUMB-WEE,CSUMB-WEE,,
,,,,,Ditrichum montanum,Ditrichum,,-1,Bryophyta,,,Bryopsida,Dicranidae,,Dicranales,,,Ditrichaceae,,,,Ditrichum,,Ditrichum montanum,,,60,,,,,,,,0,X,,-1,,,CSUMB-WEE,CSUMB-WEE,,
,,,,,Ditrichum pusillum,Ditrichum,,-1,Bryophyta,,,Bryopsida,Dicranidae,,Dicranales,,,Ditrichaceae,,,,Ditrichum,,Ditrichum pusillum,,,60,,,,,,,,0,X,,-1,,,CSUMB-WEE,CSUMB-WEE,,
,,,,,Ditrichum schimperi,Ditrichum,,-1,Bryophyta,,,Bryopsida,Dicranidae,,Dicranales,,,Ditrichaceae,,,,Ditrichum,,Ditrichum schimperi,,,60,,,,,,,,0,X,,-1,,,CSUMB-WEE,CSUMB-WEE,,
,,,,,Pleuridium,Ditrichaceae,,-1,Bryophyta,,,Bryopsida,Dicranidae,,Dicranales,,,Ditrichaceae,,,,Pleuridium,,,,,50,,,,,,,,0,X,,-1,,,CSUMB-WEE,CSUMB-WEE,,
,,,,,Pleuridium acuminatum,Pleuridium,,-1,Bryophyta,,,Bryopsida,Dicranidae,,Dicranales,,,Ditrichaceae,,,,Pleuridium,,Pleuridium acuminatum,,,60,,,,,,,,0,X,,-1,,,CSUMB-WEE,CSUMB-WEE,,
,,,,,Pleuridium mexicanum,Pleuridium,,-1,Bryophyta,,,Bryopsida,Dicranidae,,Dicranales,,,Ditrichaceae,,,,Pleuridium,,Pleuridium mexicanum,,,60,,,,,,,,0,X,,-1,,,CSUMB-WEE,CSUMB-WEE,,
,,,,,Pleuridium subulatum,Pleuridium,,-1,Bryophyta,,,Bryopsida,Dicranidae,,Dicranales,,,Ditrichaceae,,,,Pleuridium,,Pleuridium subulatum,,,60,,,,,,,,0,X,,-1,,,CSUMB-WEE,CSUMB-WEE,,
,,,,,Trichodon,Ditrichaceae,,-1,Bryophyta,,,Bryopsida,Dicranidae,,Dicranales,,,Ditrichaceae,,,,Trichodon,,,,,50,,,,,,,,0,X,,-1,,,CSUMB-WEE,CSUMB-WEE,,
,,,,,Trichodon cylindricus,Trichodon,,-1,Bryophyta,,,Bryopsida,Dicranidae,,Dicranales,,,Ditrichaceae,,,,Trichodon,,Trichodon cylindricus,,,60,,,,,,,,0,X,,-1,,,CSUMB-WEE,CSUMB-WEE,,
,,,,,Hedwigiaceae,Hedwigiales,,-1,Bryophyta,,,Bryopsida,Bryidae,,Hedwigiales,,,Hedwigiaceae,,,,,,,,,40,,,,,,,,0,X,,-1,,,CSUMB-WEE,CSUMB-WEE,,
,,,,,Fissidens,Fissidentaceae,,-1,Bryophyta,,,Bryopsida,Dicranidae,,Dicranales,,,Fissidentaceae,,,,Fissidens,,,,,50,,,,,,,,0,X,,-1,,,CSUMB-WEE,CSUMB-WEE,,
,,,,,Fissidens aphelotaxifolius,Fissidens,,-1,Bryophyta,,,Bryopsida,Dicranidae,,Dicranales,,,Fissidentaceae,,,,Fissidens,,Fissidens aphelotaxifolius,,,60,,,,,,,,0,X,,-1,,,CSUMB-WEE,CSUMB-WEE,,
,,,,,Fissidens bryoides,Fissidens,,-1,Bryophyta,,,Bryopsida,Dicranidae,,Dicranales,,,Fissidentaceae,,,,Fissidens,,Fissidens bryoides,,,60,,,,,,,,0,X,,-1,,,CSUMB-WEE,CSUMB-WEE,,
,,,,,Fissidens crispus,Fissidens,,-1,Bryophyta,,,Bryopsida,Dicranidae,,Dicranales,,,Fissidentaceae,,,,Fissidens,,Fissidens crispus,,,60,,,,,,,,0,X,,-1,,,CSUMB-WEE,CSUMB-WEE,,
,,,,,Fissidens curvatus,Fissidens,,-1,Bryophyta,,,Bryopsida,Dicranidae,,Dicranales,,,Fissidentaceae,,,,Fissidens,,Fissidens curvatus,,,60,,,,,,,,0,X,,-1,,,CSUMB-WEE,CSUMB-WEE,,
,,,,,Fissidens dubius,Fissidens,,-1,Bryophyta,,,Bryopsida,Dicranidae,,Dicranales,,,Fissidentaceae,,,,Fissidens,,Fissidens dubius,,,60,,,,,,,,0,X,,-1,,,CSUMB-WEE,CSUMB-WEE,,
,,,,,Fissidens fontanus,Fissidens,,-1,Bryophyta,,,Bryopsida,Dicranidae,,Dicranales,,,Fissidentaceae,,,,Fissidens,,Fissidens fontanus,,,60,,,,,,,,0,X,,-1,,,CSUMB-WEE,CSUMB-WEE,,
,,,,,Fissidens grandifrons,Fissidens,,-1,Bryophyta,,,Bryopsida,Dicranidae,,Dicranales,,,Fissidentaceae,,,,Fissidens,,Fissidens grandifrons,,,60,,,,,,,,0,X,,-1,,,CSUMB-WEE,CSUMB-WEE,,
,,,,,Fissidens obtusifolius,Fissidens,,-1,Bryophyta,,,Bryopsida,Dicranidae,,Dicranales,,,Fissidentaceae,,,,Fissidens,,Fissidens obtusifolius,,,60,,,,,,,,0,X,,-1,,,CSUMB-WEE,CSUMB-WEE,,
,,,,,Fissidens pauperculus,Fissidens,,-1,Bryophyta,,,Bryopsida,Dicranidae,,Dicranales,,,Fissidentaceae,,,,Fissidens,,Fissidens pauperculus,,,60,,,,,,,,0,X,,-1,,,CSUMB-WEE,CSUMB-WEE,,
,,,,,Fissidens taxifolius,Fissidens,,-1,Bryophyta,,,Bryopsida,Dicranidae,,Dicranales,,,Fissidentaceae,,,,Fissidens,,Fissidens taxifolius,,,60,,,,,,,,0,X,,-1,,,CSUMB-WEE,CSUMB-WEE,,
,,,,,Fissidens taylorii,Fissidens,,-1,Bryophyta,,,Bryopsida,Dicranidae,,Dicranales,,,Fissidentaceae,,,,Fissidens,,Fissidens taylorii,,,60,,,,,,,,0,X,,-1,,,CSUMB-WEE,CSUMB-WEE,,
,,,,,Fissidens ventricosus,Fissidens,,-1,Bryophyta,,,Bryopsida,Dicranidae,,Dicranales,,,Fissidentaceae,,,,Fissidens,,Fissidens ventricosus,,,60,,,,,,,,0,X,,-1,,,CSUMB-WEE,CSUMB-WEE,,
,,,,,Amblystegiaceae,Hypnales,,-1,Bryophyta,,,Bryopsida,Bryidae,,Hypnales,,,Amblystegiaceae,,,,,,,,,40,,,,,,,,0,X,,-1,,,CSUMB-WEE,CSUMB-WEE,,
,,,,,Entosthodon,Funariaceae,,-1,Bryophyta,,,Bryopsida,Funariidae,,Funariales,,,Funariaceae,,,,Entosthodon,,,,,50,,,,,,,,0,X,,-1,,,CSUMB-WEE,CSUMB-WEE,,
,,,,,Entosthodon californicus,Entosthodon,,-1,Bryophyta,,,Bryopsida,Funariidae,,Funariales,,,Funariaceae,,,,Entosthodon,,Entosthodon californicus,,,60,,,,,,,,0,X,,-1,,,CSUMB-WEE,CSUMB-WEE,,
,,,,,Entosthodon drummondii,Entosthodon,,-1,Bryophyta,,,Bryopsida,Funariidae,,Funariales,,,Funariaceae,,,,Entosthodon,,Entosthodon drummondii,,,60,,,,,,,,0,X,,-1,,,CSUMB-WEE,CSUMB-WEE,,
,,,,,Entosthodon fascicularis,Entosthodon,,-1,Bryophyta,,,Bryopsida,Funariidae,,Funariales,,,Funariaceae,,,,Entosthodon,,Entosthodon fascicularis,,,60,,,,,,,,0,X,,-1,,,CSUMB-WEE,CSUMB-WEE,,
,,,,,Entosthodon kochii,Entosthodon,,-1,Bryophyta,,,Bryopsida,Funariidae,,Funariales,,,Funariaceae,,,,Entosthodon,,Entosthodon kochii,,,60,,,,,,,,0,X,,-1,,,CSUMB-WEE,CSUMB-WEE,,
,,,,,Entosthodon rubrisetus,Entosthodon,,-1,Bryophyta,,,Bryopsida,Funariidae,,Funariales,,,Funariaceae,,,,Entosthodon,,Entosthodon rubrisetus,,,60,,,,,,,,0,X,,-1,,,CSUMB-WEE,CSUMB-WEE,,
,,,,,Entosthodon tusconi,Entosthodon,,-1,Bryophyta,,,Bryopsida,Funariidae,,Funariales,,,Funariaceae,,,,Entosthodon,,Entosthodon tusconi,,,60,,,,,,,,0,X,,-1,,,CSUMB-WEE,CSUMB-WEE,,
,,,,,Funaria,Funariaceae,,-1,Bryophyta,,,Bryopsida,Funariidae,,Funariales,,,Funariaceae,,,,Funaria,,,,,50,,,,,,,,0,X,,-1,,,CSUMB-WEE,CSUMB-WEE,,
,,,,,Funaria convexa,Funaria,,-1,Bryophyta,,,Bryopsida,Funariidae,,Funariales,,,Funariaceae,,,,Funaria,,Funaria convexa,,,60,,,,,,,,0,X,,-1,,,CSUMB-WEE,CSUMB-WEE,,
,,,,,Funaria hygrometrica,Funaria,,-1,Bryophyta,,,Bryopsida,Funariidae,,Funariales,,,Funariaceae,,,,Funaria,,Funaria hygrometrica,,,60,,,,,,,,0,X,,-1,,,CSUMB-WEE,CSUMB-WEE,,
,,,,,Funaria microstoma,Funaria,,-1,Bryophyta,,,Bryopsida,Funariidae,,Funariales,,,Funariaceae,,,,Funaria,,Funaria microstoma,,,60,,,,,,,,0,X,,-1,,,CSUMB-WEE,CSUMB-WEE,,
,,,,,Funaria muhlenbergii,Funaria,,-1,Bryophyta,,,Bryopsida,Funariidae,,Funariales,,,Funariaceae,,,,Funaria,,Funaria muhlenbergii,,,60,,,,,,,,0,X,,-1,,,CSUMB-WEE,CSUMB-WEE,,
,,,,,Physcomitrella,Funariaceae,,-1,Bryophyta,,,Bryopsida,Funariidae,,Funariales,,,Funariaceae,,,,Physcomitrella,,,,,50,,,,,,,,0,X,,-1,,,CSUMB-WEE,CSUMB-WEE,,
,,,,,Physcomitrella patens,Physcomitrella,,-1,Bryophyta,,,Bryopsida,Funariidae,,Funariales,,,Funariaceae,,,,Physcomitrella,,Physcomitrella patens,,,60,,,,,,,,0,X,,-1,,,CSUMB-WEE,CSUMB-WEE,,
,,,,,Physcomitrella readeri,Physcomitrella,,-1,Bryophyta,,,Bryopsida,Funariidae,,Funariales,,,Funariaceae,,,,Physcomitrella,,Physcomitrella readeri,,,60,,,,,,,,0,X,,-1,,,CSUMB-WEE,CSUMB-WEE,,
,,,,,Physcomitrium,Funariaceae,,-1,Bryophyta,,,Bryopsida,Funariidae,,Funariales,,,Funariaceae,,,,Physcomitrium,,,,,50,,,,,,,,0,X,,-1,,,CSUMB-WEE,CSUMB-WEE,,
,,,,,Physcomitrium californicum,Physcomitrium,,-1,Bryophyta,,,Bryopsida,Funariidae,,Funariales,,,Funariaceae,,,,Physcomitrium,,Physcomitrium californicum,,,60,,,,,,,,0,X,,-1,,,CSUMB-WEE,CSUMB-WEE,,
,,,,,Physcomitrium collenchymatum,Physcomitrium,,-1,Bryophyta,,,Bryopsida,Funariidae,,Funariales,,,Funariaceae,,,,Physcomitrium,,Physcomitrium collenchymatum,,,60,,,,,,,,0,X,,-1,,,CSUMB-WEE,CSUMB-WEE,,
,,,,,Physcomitrium hookeri,Physcomitrium,,-1,Bryophyta,,,Bryopsida,Funariidae,,Funariales,,,Funariaceae,,,,Physcomitrium,,Physcomitrium hookeri,,,60,,,,,,,,0,X,,-1,,,CSUMB-WEE,CSUMB-WEE,,
,,,,,Physcomitrium pyriforme,Physcomitrium,,-1,Bryophyta,,,Bryopsida,Funariidae,,Funariales,,,Funariaceae,,,,Physcomitrium,,Physcomitrium pyriforme,,,60,,,,,,,,0,X,,-1,,,CSUMB-WEE,CSUMB-WEE,,
,,,,,Brachytheciaceae,Hypnales,,-1,Bryophyta,,,Bryopsida,Bryidae,,Hypnales,,,Brachytheciaceae,,,,,,,,,40,,,,,,,,0,X,,-1,,,CSUMB-WEE,CSUMB-WEE,,
,,,,,Bucklandiella,Grimmiaceae,,-1,Bryophyta,,,Bryopsida,Dicranidae,,Grimmiales,,,Grimmiaceae,,,,Bucklandiella,,,,,50,,,,,,,,0,X,,-1,,,CSUMB-WEE,CSUMB-WEE,,
,,,,,Bucklandiella affinis,Bucklandiella,,-1,Bryophyta,,,Bryopsida,Dicranidae,,Grimmiales,,,Grimmiaceae,,,,Bucklandiella,,Bucklandiella affinis,,,60,,,,,,,,0,X,,-1,,,CSUMB-WEE,CSUMB-WEE,,
,,,,,Bucklandiella heteroscticha,Bucklandiella,,-1,Bryophyta,,,Bryopsida,Dicranidae,,Grimmiales,,,Grimmiaceae,,,,Bucklandiella,,Bucklandiella heteroscticha,,,60,,,,,,,,0,X,,-1,,,CSUMB-WEE,CSUMB-WEE,,
,,,,,Bucklandiella lawtoniae,Bucklandiella,,-1,Bryophyta,,,Bryopsida,Dicranidae,,Grimmiales,,,Grimmiaceae,,,,Bucklandiella,,Bucklandiella lawtoniae,,,60,,,,,,,,0,X,,-1,,,CSUMB-WEE,CSUMB-WEE,,
,,,,,Bucklandiella macounii,Bucklandiella,,-1,Bryophyta,,,Bryopsida,Dicranidae,,Grimmiales,,,Grimmiaceae,,,,Bucklandiella,,Bucklandiella macounii,,,60,,,,,,,,0,X,,-1,,,CSUMB-WEE,CSUMB-WEE,,
,,,,,Bucklandiella microcarpa,Bucklandiella,,-1,Bryophyta,,,Bryopsida,Dicranidae,,Grimmiales,,,Grimmiaceae,,,,Bucklandiella,,Bucklandiella microcarpa,,,60,,,,,,,,0,X,,-1,,,CSUMB-WEE,CSUMB-WEE,,
,,,,,Bucklandiella obesa,Bucklandiella,,-1,Bryophyta,,,Bryopsida,Dicranidae,,Grimmiales,,,Grimmiaceae,,,,Bucklandiella,,Bucklandiella obesa,,,60,,,,,,,,0,X,,-1,,,CSUMB-WEE,CSUMB-WEE,,
,,,,,Bucklandiella occidentalis,Bucklandiella,,-1,Bryophyta,,,Bryopsida,Dicranidae,,Grimmiales,,,Grimmiaceae,,,,Bucklandiella,,Bucklandiella occidentalis,,,60,,,,,,,,0,X,,-1,,,CSUMB-WEE,CSUMB-WEE,,
,,,,,Bucklandiella pacifica,Bucklandiella,,-1,Bryophyta,,,Bryopsida,Dicranidae,,Grimmiales,,,Grimmiaceae,,,,Bucklandiella,,Bucklandiella pacifica,,,60,,,,,,,,0,X,,-1,,,CSUMB-WEE,CSUMB-WEE,,
,,,,,Bucklandiella sudetica,Bucklandiella,,-1,Bryophyta,,,Bryopsida,Dicranidae,,Grimmiales,,,Grimmiaceae,,,,Bucklandiella,,Bucklandiella sudetica,,,60,,,,,,,,0,X,,-1,,,CSUMB-WEE,CSUMB-WEE,,
,,,,,Codriophorus,Grimmiaceae,,-1,Bryophyta,,,Bryopsida,Dicranidae,,Grimmiales,,,Grimmiaceae,,,,Codriophorus,,,,,50,,,,,,,,0,X,,-1,,,CSUMB-WEE,CSUMB-WEE,,
,,,,,Codriophorus depressus,Codriophorus,,-1,Bryophyta,,,Bryopsida,Dicranidae,,Grimmiales,,,Grimmiaceae,,,,Codriophorus,,Codriophorus depressus,,,60,,,,,,,,0,X,,-1,,,CSUMB-WEE,CSUMB-WEE,,
,,,,,Codriophorus norrissii,Codriophorus,,-1,Bryophyta,,,Bryopsida,Dicranidae,,Grimmiales,,,Grimmiaceae,,,,Codriophorus,,Codriophorus norrissii,,,60,,,,,,,,0,X,,-1,,,CSUMB-WEE,CSUMB-WEE,,
,,,,,Coscinodon,Grimmiaceae,,-1,Bryophyta,,,Bryopsida,Dicranidae,,Grimmiales,,,Grimmiaceae,,,,Coscinodon,,,,,50,,,,,,,,0,X,,-1,,,CSUMB-WEE,CSUMB-WEE,,
,,,,,Coscinodon calyptratus,Coscinodon,,-1,Bryophyta,,,Bryopsida,Dicranidae,,Grimmiales,,,Grimmiaceae,,,,Coscinodon,,Coscinodon calyptratus,,,60,,,,,,,,0,X,,-1,,,CSUMB-WEE,CSUMB-WEE,,
,,,,,Coscinodon sp. nov.,Coscinodon,,-1,Bryophyta,,,Bryopsida,Dicranidae,,Grimmiales,,,Grimmiaceae,,,,Coscinodon,,Coscinodon sp. nov.,,,60,,,,,,,,0,X,,-1,,,CSUMB-WEE,CSUMB-WEE,,
,,,,,Grimmia,Grimmiaceae,,-1,Bryophyta,,,Bryopsida,Dicranidae,,Grimmiales,,,Grimmiaceae,,,,Grimmia,,,,,50,,,,,,,,0,X,,-1,,,CSUMB-WEE,CSUMB-WEE,,
,,,,,Grimmia alpestris,Grimmia,,-1,Bryophyta,,,Bryopsida,Dicranidae,,Grimmiales,,,Grimmiaceae,,,,Grimmia,,Grimmia alpestris,,,60,,,,,,,,0,X,,-1,,,CSUMB-WEE,CSUMB-WEE,,
,,,,,Grimmia anodon,Grimmia,,-1,Bryophyta,,,Bryopsida,Dicranidae,,Grimmiales,,,Grimmiaceae,,,,Grimmia,,Grimmia anodon,,,60,,,,,,,,0,X,,-1,,,CSUMB-WEE,CSUMB-WEE,,
,,,,,Grimmia anomola,Grimmia,,-1,Bryophyta,,,Bryopsida,Dicranidae,,Grimmiales,,,Grimmiaceae,,,,Grimmia,,Grimmia anomola,,,60,,,,,,,,0,X,,-1,,,CSUMB-WEE,CSUMB-WEE,,
,,,,,Grimmia arizonae,Grimmia,,-1,Bryophyta,,,Bryopsida,Dicranidae,,Grimmiales,,,Grimmiaceae,,,,Grimmia,,Grimmia arizonae,,,60,,,,,,,,0,X,,-1,,,CSUMB-WEE,CSUMB-WEE,,
,,,,,Grimmia caespiticia,Grimmia,,-1,Bryophyta,,,Bryopsida,Dicranidae,,Grimmiales,,,Grimmiaceae,,,,Grimmia,,Grimmia caespiticia,,,60,,,,,,,,0,X,,-1,,,CSUMB-WEE,CSUMB-WEE,,
,,,,,Grimmia hamulosa,Grimmia,,-1,Bryophyta,,,Bryopsida,Dicranidae,,Grimmiales,,,Grimmiaceae,,,,Grimmia,,Grimmia hamulosa,,,60,,,,,,,,0,X,,-1,,,CSUMB-WEE,CSUMB-WEE,,
,,,,,Grimmia incurva,Grimmia,,-1,Bryophyta,,,Bryopsida,Dicranidae,,Grimmiales,,,Grimmiaceae,,,,Grimmia,,Grimmia incurva,,,60,,,,,,,,0,X,,-1,,,CSUMB-WEE,CSUMB-WEE,,
,,,,,Grimmia laevigata,Grimmia,,-1,Bryophyta,,,Bryopsida,Dicranidae,,Grimmiales,,,Grimmiaceae,,,,Grimmia,,Grimmia laevigata,,,60,,,,,,,,0,X,,-1,,,CSUMB-WEE,CSUMB-WEE,,
,,,,,Grimmia leibergii,Grimmia,,-1,Bryophyta,,,Bryopsida,Dicranidae,,Grimmiales,,,Grimmiaceae,,,,Grimmia,,Grimmia leibergii,,,60,,,,,,,,0,X,,-1,,,CSUMB-WEE,CSUMB-WEE,,
,,,,,Grimmia lesherae,Grimmia,,-1,Bryophyta,,,Bryopsida,Dicranidae,,Grimmiales,,,Grimmiaceae,,,,Grimmia,,Grimmia lesherae,,,60,,,,,,,,0,X,,-1,,,CSUMB-WEE,CSUMB-WEE,,
,,,,,Grimmia lisae,Grimmia,,-1,Bryophyta,,,Bryopsida,Dicranidae,,Grimmiales,,,Grimmiaceae,,,,Grimmia,,Grimmia lisae,,,60,,,,,,,,0,X,,-1,,,CSUMB-WEE,CSUMB-WEE,,
,,,,,Grimmia longirostris,Grimmia,,-1,Bryophyta,,,Bryopsida,Dicranidae,,Grimmiales,,,Grimmiaceae,,,,Grimmia,,Grimmia longirostris,,,60,,,,,,,,0,X,,-1,,,CSUMB-WEE,CSUMB-WEE,,
,,,,,Grimmia mariniana,Grimmia,,-1,Bryophyta,,,Bryopsida,Dicranidae,,Grimmiales,,,Grimmiaceae,,,,Grimmia,,Grimmia mariniana,,,60,,,,,,,,0,X,,-1,,,CSUMB-WEE,CSUMB-WEE,,
,,,,,Grimmia montana,Grimmia,,-1,Bryophyta,,,Bryopsida,Dicranidae,,Grimmiales,,,Grimmiaceae,,,,Grimmia,,Grimmia montana,,,60,,,,,,,,0,X,,-1,,,CSUMB-WEE,CSUMB-WEE,,
,,,,,Grimmia moxleyi,Grimmia,,-1,Bryophyta,,,Bryopsida,Dicranidae,,Grimmiales,,,Grimmiaceae,,,,Grimmia,,Grimmia moxleyi,,,60,,,,,,,,0,X,,-1,,,CSUMB-WEE,CSUMB-WEE,,
,,,,,Grimmia nevadensis,Grimmia,,-1,Bryophyta,,,Bryopsida,Dicranidae,,Grimmiales,,,Grimmiaceae,,,,Grimmia,,Grimmia nevadensis,,,60,,,,,,,,0,X,,-1,,,CSUMB-WEE,CSUMB-WEE,,
,,,,,Grimmia orbicularis,Grimmia,,-1,Bryophyta,,,Bryopsida,Dicranidae,,Grimmiales,,,Grimmiaceae,,,,Grimmia,,Grimmia orbicularis,,,60,,,,,,,,0,X,,-1,,,CSUMB-WEE,CSUMB-WEE,,
,,,,,Grimmia ovalis,Grimmia,,-1,Bryophyta,,,Bryopsida,Dicranidae,,Grimmiales,,,Grimmiaceae,,,,Grimmia,,Grimmia ovalis,,,60,,,,,,,,0,X,,-1,,,CSUMB-WEE,CSUMB-WEE,,
,,,,,Grimmia plagiopodia,Grimmia,,-1,Bryophyta,,,Bryopsida,Dicranidae,,Grimmiales,,,Grimmiaceae,,,,Grimmia,,Grimmia plagiopodia,,,60,,,,,,,,0,X,,-1,,,CSUMB-WEE,CSUMB-WEE,,
,,,,,Grimmia poecilostoma,Grimmia,,-1,Bryophyta,,,Bryopsida,Dicranidae,,Grimmiales,,,Grimmiaceae,,,,Grimmia,,Grimmia poecilostoma,,,60,,,,,,,,0,X,,-1,,,CSUMB-WEE,CSUMB-WEE,,
,,,,,Grimmia pulvinata,Grimmia,,-1,Bryophyta,,,Bryopsida,Dicranidae,,Grimmiales,,,Grimmiaceae,,,,Grimmia,,Grimmia pulvinata,,,60,,,,,,,,0,X,,-1,,,CSUMB-WEE,CSUMB-WEE,,
,,,,,Grimmia raymondii,Grimmia,,-1,Bryophyta,,,Bryopsida,Dicranidae,,Grimmiales,,,Grimmiaceae,,,,Grimmia,,Grimmia raymondii,,,60,,,,,,,,0,X,,-1,,,CSUMB-WEE,CSUMB-WEE,,
,,,,,Grimmia serrana,Grimmia,,-1,Bryophyta,,,Bryopsida,Dicranidae,,Grimmiales,,,Grimmiaceae,,,,Grimmia,,Grimmia serrana,,,60,,,,,,,,0,X,,-1,,,CSUMB-WEE,CSUMB-WEE,,
,,,,,Grimmia sessitana,Grimmia,,-1,Bryophyta,,,Bryopsida,Dicranidae,,Grimmiales,,,Grimmiaceae,,,,Grimmia,,Grimmia sessitana,,,60,,,,,,,,0,X,,-1,,,CSUMB-WEE,CSUMB-WEE,,
,,,,,Grimmia shastae,Grimmia,,-1,Bryophyta,,,Bryopsida,Dicranidae,,Grimmiales,,,Grimmiaceae,,,,Grimmia,,Grimmia shastae,,,60,,,,,,,,0,X,,-1,,,CSUMB-WEE,CSUMB-WEE,,
,,,,,Grimmia torenii,Grimmia,,-1,Bryophyta,,,Bryopsida,Dicranidae,,Grimmiales,,,Grimmiaceae,,,,Grimmia,,Grimmia torenii,,,60,,,,,,,,0,X,,-1,,,CSUMB-WEE,CSUMB-WEE,,
,,,,,Grimmia torquata,Grimmia,,-1,Bryophyta,,,Bryopsida,Dicranidae,,Grimmiales,,,Grimmiaceae,,,,Grimmia,,Grimmia torquata,,,60,,,,,,,,0,X,,-1,,,CSUMB-WEE,CSUMB-WEE,,
,,,,,Grimmia trichophylla,Grimmia,,-1,Bryophyta,,,Bryopsida,Dicranidae,,Grimmiales,,,Grimmiaceae,,,,Grimmia,,Grimmia trichophylla,,,60,,,,,,,,0,X,,-1,,,CSUMB-WEE,CSUMB-WEE,,
,,,,,Grimmia unicolor,Grimmia,,-1,Bryophyta,,,Bryopsida,Dicranidae,,Grimmiales,,,Grimmiaceae,,,,Grimmia,,Grimmia unicolor,,,60,,,,,,,,0,X,,-1,,,CSUMB-WEE,CSUMB-WEE,,
,,,,,Hydrogrimmia,Grimmiaceae,,-1,Bryophyta,,,Bryopsida,Dicranidae,,Grimmiales,,,Grimmiaceae,,,,Hydrogrimmia,,,,,50,,,,,,,,0,X,,-1,,,CSUMB-WEE,CSUMB-WEE,,
,,,,,Hydrogrimmia mollis,Hydrogrimmia,,-1,Bryophyta,,,Bryopsida,Dicranidae,,Grimmiales,,,Grimmiaceae,,,,Hydrogrimmia,,Hydrogrimmia mollis,,,60,,,,,,,,0,X,,-1,,,CSUMB-WEE,CSUMB-WEE,,
,,,,,Niphotrichum,Grimmiaceae,,-1,Bryophyta,,,Bryopsida,Dicranidae,,Grimmiales,,,Grimmiaceae,,,,Niphotrichum,,,,,50,,,,,,,,0,X,,-1,,,CSUMB-WEE,CSUMB-WEE,,
,,,,,Niphotrichum elongatum,Niphotrichum,,-1,Bryophyta,,,Bryopsida,Dicranidae,,Grimmiales,,,Grimmiaceae,,,,Niphotrichum,,Niphotrichum elongatum,,,60,,,,,,,,0,X,,-1,,,CSUMB-WEE,CSUMB-WEE,,
,,,,,Niphotrichum ericoides,Niphotrichum,,-1,Bryophyta,,,Bryopsida,Dicranidae,,Grimmiales,,,Grimmiaceae,,,,Niphotrichum,,Niphotrichum ericoides,,,60,,,,,,,,0,X,,-1,,,CSUMB-WEE,CSUMB-WEE,,
,,,,,Racomitrium,Grimmiaceae,,-1,Bryophyta,,,Bryopsida,Dicranidae,,Grimmiales,,,Grimmiaceae,,,,Racomitrium,,,,,50,,,,,,,,0,X,,-1,,,CSUMB-WEE,CSUMB-WEE,,
,,,,,Racomitrium lanuginosum,Racomitrium,,-1,Bryophyta,,,Bryopsida,Dicranidae,,Grimmiales,,,Grimmiaceae,,,,Racomitrium,,Racomitrium lanuginosum,,,60,,,,,,,,0,X,,-1,,,CSUMB-WEE,CSUMB-WEE,,
,,,,,Schistidium,Grimmiaceae,,-1,Bryophyta,,,Bryopsida,Dicranidae,,Grimmiales,,,Grimmiaceae,,,,Schistidium,,,,,50,,,,,,,,0,X,,-1,,,CSUMB-WEE,CSUMB-WEE,,
,,,,,Schistidium agassizii,Schistidium,,-1,Bryophyta,,,Bryopsida,Dicranidae,,Grimmiales,,,Grimmiaceae,,,,Schistidium,,Schistidium agassizii,,,60,,,,,,,,0,X,,-1,,,CSUMB-WEE,CSUMB-WEE,,
,,,,,Schistidium atrichum,Schistidium,,-1,Bryophyta,,,Bryopsida,Dicranidae,,Grimmiales,,,Grimmiaceae,,,,Schistidium,,Schistidium atrichum,,,60,,,,,,,,0,X,,-1,,,CSUMB-WEE,CSUMB-WEE,,
,,,,,Schistidium cinclidodonteum,Schistidium,,-1,Bryophyta,,,Bryopsida,Dicranidae,,Grimmiales,,,Grimmiaceae,,,,Schistidium,,Schistidium cinclidodonteum,,,60,,,,,,,,0,X,,-1,,,CSUMB-WEE,CSUMB-WEE,,
,,,,,Schistidium confertum,Schistidium,,-1,Bryophyta,,,Bryopsida,Dicranidae,,Grimmiales,,,Grimmiaceae,,,,Schistidium,,Schistidium confertum,,,60,,,,,,,,0,X,,-1,,,CSUMB-WEE,CSUMB-WEE,,
,,,,,Schistidium dupretii,Schistidium,,-1,Bryophyta,,,Bryopsida,Dicranidae,,Grimmiales,,,Grimmiaceae,,,,Schistidium,,Schistidium dupretii,,,60,,,,,,,,0,X,,-1,,,CSUMB-WEE,CSUMB-WEE,,
,,,,,Schistidium flaccidum,Schistidium,,-1,Bryophyta,,,Bryopsida,Dicranidae,,Grimmiales,,,Grimmiaceae,,,,Schistidium,,Schistidium flaccidum,,,60,,,,,,,,0,X,,-1,,,CSUMB-WEE,CSUMB-WEE,,
,,,,,Schistidium maritimum,Schistidium,,-1,Bryophyta,,,Bryopsida,Dicranidae,,Grimmiales,,,Grimmiaceae,,,,Schistidium,,Schistidium maritimum,,,60,,,,,,,,0,X,,-1,,,CSUMB-WEE,CSUMB-WEE,,
,,,,,Schistidium occidentale,Schistidium,,-1,Bryophyta,,,Bryopsida,Dicranidae,,Grimmiales,,,Grimmiaceae,,,,Schistidium,,Schistidium occidentale,,,60,,,,,,,,0,X,,-1,,,CSUMB-WEE,CSUMB-WEE,,
,,,,,Schistidium platyphyllum,Schistidium,,-1,Bryophyta,,,Bryopsida,Dicranidae,,Grimmiales,,,Grimmiaceae,,,,Schistidium,,Schistidium platyphyllum,,,60,,,,,,,,0,X,,-1,,,CSUMB-WEE,CSUMB-WEE,,
,,,,,Schistidium rivulare,Schistidium,,-1,Bryophyta,,,Bryopsida,Dicranidae,,Grimmiales,,,Grimmiaceae,,,,Schistidium,,Schistidium rivulare,,,60,,,,,,,,0,X,,-1,,,CSUMB-WEE,CSUMB-WEE,,
,,,,,Schistidium tenerum,Schistidium,,-1,Bryophyta,,,Bryopsida,Dicranidae,,Grimmiales,,,Grimmiaceae,,,,Schistidium,,Schistidium tenerum,,,60,,,,,,,,0,X,,-1,,,CSUMB-WEE,CSUMB-WEE,,
,,,,,Fabroniaceae,Hypnales,,-1,Bryophyta,,,Bryopsida,Bryidae,,Hypnales,,,Fabroniaceae,,,,,,,,,40,,,,,,,,0,X,,-1,,,CSUMB-WEE,CSUMB-WEE,,
,,,,,Hedwigia,Hedwigiaceae,,-1,Bryophyta,,,Bryopsida,Bryidae,,Hedwigiales,,,Hedwigiaceae,,,,Hedwigia,,,,,50,,,,,,,,0,X,,-1,,,CSUMB-WEE,CSUMB-WEE,,
,,,,,Hedwigia ciliata,Hedwigia,,-1,Bryophyta,,,Bryopsida,Bryidae,,Hedwigiales,,,Hedwigiaceae,,,,Hedwigia,,Hedwigia ciliata,,,60,,,,,,,,0,X,,-1,,,CSUMB-WEE,CSUMB-WEE,,
,,,,,Hedwigia detonsa,Hedwigia,,-1,Bryophyta,,,Bryopsida,Bryidae,,Hedwigiales,,,Hedwigiaceae,,,,Hedwigia,,Hedwigia detonsa,,,60,,,,,,,,0,X,,-1,,,CSUMB-WEE,CSUMB-WEE,,
,,,,,Hedwigia stellata,Hedwigia,,-1,Bryophyta,,,Bryopsida,Bryidae,,Hedwigiales,,,Hedwigiaceae,,,,Hedwigia,,Hedwigia stellata,,,60,,,,,,,,0,X,,-1,,,CSUMB-WEE,CSUMB-WEE,,
,,,,,Pseudobraunia,Hedwigiaceae,,-1,Bryophyta,,,Bryopsida,Bryidae,,Hedwigiales,,,Hedwigiaceae,,,,Pseudobraunia,,,,,50,,,,,,,,0,X,,-1,,,CSUMB-WEE,CSUMB-WEE,,
,,,,,Pseudobraunia californica,Pseudobraunia,,-1,Bryophyta,,,Bryopsida,Bryidae,,Hedwigiales,,,Hedwigiaceae,,,,Pseudobraunia,,Pseudobraunia californica,,,60,,,,,,,,0,X,,-1,,,CSUMB-WEE,CSUMB-WEE,,
,,,,,Fontinalaceae,Hypnales,,-1,Bryophyta,,,Bryopsida,,,Hypnales,,,Fontinalaceae,,,,,,,,,40,,,,,,,,0,X,,-1,,,CSUMB-WEE,CSUMB-WEE,,
,,,,,Leptobryum,Meesiaceae,,-1,Bryophyta,,,Bryopsida,Bryidae,,Splachnales,,,Meesiaceae,,,,Leptobryum,,,,,50,,,,,,,,0,X,,-1,,,CSUMB-WEE,CSUMB-WEE,,
,,,,,Leptobryum pyriforme,Leptobryum,,-1,Bryophyta,,,Bryopsida,Bryidae,,Splachnales,,,Meesiaceae,,,,Leptobryum,,Leptobryum pyriforme,,,60,,,,,,,,0,X,,-1,,,CSUMB-WEE,CSUMB-WEE,,
,,,,,Meesia,Meesiaceae,,-1,Bryophyta,,,Bryopsida,Bryidae,,Splachnales,,,Meesiaceae,,,,Meesia,,,,,50,,,,,,,,0,X,,-1,,,CSUMB-WEE,CSUMB-WEE,,
,,,,,Meesia longiseta,Meesia,,-1,Bryophyta,,,Bryopsida,Bryidae,,Splachnales,,,Meesiaceae,,,,Meesia,,Meesia longiseta,,,60,,,,,,,,0,X,,-1,,,CSUMB-WEE,CSUMB-WEE,,
,,,,,Meesia triquetra,Meesia,,-1,Bryophyta,,,Bryopsida,Bryidae,,Splachnales,,,Meesiaceae,,,,Meesia,,Meesia triquetra,,,60,,,,,,,,0,X,,-1,,,CSUMB-WEE,CSUMB-WEE,,
,,,,,Meesia uliginosa,Meesia,,-1,Bryophyta,,,Bryopsida,Bryidae,,Splachnales,,,Meesiaceae,,,,Meesia,,Meesia uliginosa,,,60,,,,,,,,0,X,,-1,,,CSUMB-WEE,CSUMB-WEE,,
,,,,,Leskeaceae,Hypnales,,-1,Bryophyta,,,Bryopsida,Bryidae,,Hypnales,,,Leskeaceae,,,,,,,,,40,,,,,,,,0,X,,-1,,,CSUMB-WEE,CSUMB-WEE,,
,,,,,Epipterygium,Mielichhoferiaceae,,-1,Bryophyta,,,Bryopsida,Bryidae,,Bryales,,,Mielichhoferiaceae,,,,Epipterygium,,,,,50,,,,,,,,0,X,,-1,,,CSUMB-WEE,CSUMB-WEE,,
,,,,,Epipterygium tozeri,Epipterygium,,-1,Bryophyta,,,Bryopsida,Bryidae,,Bryales,,,Mielichhoferiaceae,,,,Epipterygium,,Epipterygium tozeri,,,60,,,,,,,,0,X,,-1,,,CSUMB-WEE,CSUMB-WEE,,
,,,,,Leucolepis,Mniaceae,,-1,Bryophyta,,,Bryopsida,Bryidae,,Bryales,,,Mniaceae,,,,Leucolepis,,,,,50,,,,,,,,0,X,,-1,,,CSUMB-WEE,CSUMB-WEE,,
,,,,,Leucolepis acanthoneura,Leucolepis,,-1,Bryophyta,,,Bryopsida,Bryidae,,Bryales,,,Mniaceae,,,,Leucolepis,,Leucolepis acanthoneura,,,60,,,,,,,,0,X,,-1,,,CSUMB-WEE,CSUMB-WEE,,
,,,,,Mielichhoferia,Mielichhoferiaceae,,-1,Bryophyta,,,Bryopsida,Bryidae,,Bryales,,,Mielichhoferiaceae,,,,Mielichhoferia,,,,,50,,,,,,,,0,X,,-1,,,CSUMB-WEE,CSUMB-WEE,,
,,,,,Mielichhoferia elongata,Mielichhoferia,,-1,Bryophyta,,,Bryopsida,Bryidae,,Bryales,,,Mielichhoferiaceae,,,,Mielichhoferia,,Mielichhoferia elongata,,,60,,,,,,,,0,X,,-1,,,CSUMB-WEE,CSUMB-WEE,,
,,,,,Mielichhoferia mielichhoferniana,Mielichhoferia,,-1,Bryophyta,,,Bryopsida,Bryidae,,Bryales,,,Mielichhoferiaceae,,,,Mielichhoferia,,Mielichhoferia mielichhoferniana,,,60,,,,,,,,0,X,,-1,,,CSUMB-WEE,CSUMB-WEE,,
,,,,,Mielichhoferia shevockii,Mielichhoferia,,-1,Bryophyta,,,Bryopsida,Bryidae,,Bryales,,,Mielichhoferiaceae,,,,Mielichhoferia,,Mielichhoferia shevockii,,,60,,,,,,,,0,X,,-1,,,CSUMB-WEE,CSUMB-WEE,,
,,,,,Mnium,Mniaceae,,-1,Bryophyta,,,Bryopsida,Bryidae,,Bryales,,,Mniaceae,,,,Mnium,,,,,50,,,,,,,,0,X,,-1,,,CSUMB-WEE,CSUMB-WEE,,
,,,,,Mnium arizonicum,Mnium,,-1,Bryophyta,,,Bryopsida,Bryidae,,Bryales,,,Mniaceae,,,,Mnium,,Mnium arizonicum,,,60,,,,,,,,0,X,,-1,,,CSUMB-WEE,CSUMB-WEE,,
,,,,,Mnium blyttii,Mnium,,-1,Bryophyta,,,Bryopsida,Bryidae,,Bryales,,,Mniaceae,,,,Mnium,,Mnium blyttii,,,60,,,,,,,,0,X,,-1,,,CSUMB-WEE,CSUMB-WEE,,
,,,,,Mnium marginatum,Mnium,,-1,Bryophyta,,,Bryopsida,Bryidae,,Bryales,,,Mniaceae,,,,Mnium,,Mnium marginatum,,,60,,,,,,,,0,X,,-1,,,CSUMB-WEE,CSUMB-WEE,,
,,,,,Mnium spinulosum,Mnium,,-1,Bryophyta,,,Bryopsida,Bryidae,,Bryales,,,Mniaceae,,,,Mnium,,Mnium spinulosum,,,60,,,,,,,,0,X,,-1,,,CSUMB-WEE,CSUMB-WEE,,
,,,,,Mnium thomsonii,Mnium,,-1,Bryophyta,,,Bryopsida,Bryidae,,Bryales,,,Mniaceae,,,,Mnium,,Mnium thomsonii,,,60,,,,,,,,0,X,,-1,,,CSUMB-WEE,CSUMB-WEE,,
,,,,,Plagiomnium,Mniaceae,,-1,Bryophyta,,,Bryopsida,Bryidae,,Bryales,,,Mniaceae,,,,Plagiomnium,,,,,50,,,,,,,,0,X,,-1,,,CSUMB-WEE,CSUMB-WEE,,
,,,,,Plagiomnium cuspidatum,Plagiomnium,,-1,Bryophyta,,,Bryopsida,Bryidae,,Bryales,,,Mniaceae,,,,Plagiomnium,,Plagiomnium cuspidatum,,,60,,,,,,,,0,X,,-1,,,CSUMB-WEE,CSUMB-WEE,,
,,,,,Plagiomnium ellipticum,Plagiomnium,,-1,Bryophyta,,,Bryopsida,Bryidae,,Bryales,,,Mniaceae,,,,Plagiomnium,,Plagiomnium ellipticum,,,60,,,,,,,,0,X,,-1,,,CSUMB-WEE,CSUMB-WEE,,
,,,,,Plagiomnium insigne,Plagiomnium,,-1,Bryophyta,,,Bryopsida,Bryidae,,Bryales,,,Mniaceae,,,,Plagiomnium,,Plagiomnium insigne,,,60,,,,,,,,0,X,,-1,,,CSUMB-WEE,CSUMB-WEE,,
,,,,,Plagiomnium medium,Plagiomnium,,-1,Bryophyta,,,Bryopsida,Bryidae,,Bryales,,,Mniaceae,,,,Plagiomnium,,Plagiomnium medium,,,60,,,,,,,,0,X,,-1,,,CSUMB-WEE,CSUMB-WEE,,
,,,,,Plagiomnium rostratum,Plagiomnium,,-1,Bryophyta,,,Bryopsida,Bryidae,,Bryales,,,Mniaceae,,,,Plagiomnium,,Plagiomnium rostratum,,,60,,,,,,,,0,X,,-1,,,CSUMB-WEE,CSUMB-WEE,,
,,,,,Plagiomnium venustum,Plagiomnium,,-1,Bryophyta,,,Bryopsida,Bryidae,,Bryales,,,Mniaceae,,,,Plagiomnium,,Plagiomnium venustum,,,60,,,,,,,,0,X,,-1,,,CSUMB-WEE,CSUMB-WEE,,
,,,,,Orthotrichaceae,Orthotrichales,,-1,Bryophyta,,,Bryopsida,Bryidae,,Orthotrichales,,,Orthotrichaceae,,,,,,,,,40,,,,,,,,0,X,,-1,,,CSUMB-WEE,CSUMB-WEE,,
,,,,,Pohlia,Mielichhoferiaceae,,-1,Bryophyta,,,Bryopsida,Bryidae,,Bryales,,,Mielichhoferiaceae,,,,Pohlia,,,,,50,,,,,,,,0,X,,-1,,,CSUMB-WEE,CSUMB-WEE,,
,,,,,Pohlia andaluscia,Pohlia,,-1,Bryophyta,,,Bryopsida,Bryidae,,Bryales,,,Mielichhoferiaceae,,,,Pohlia,,Pohlia andaluscia,,,60,,,,,,,,0,X,,-1,,,CSUMB-WEE,CSUMB-WEE,,
,,,,,Pohlia annotina,Pohlia,,-1,Bryophyta,,,Bryopsida,Bryidae,,Bryales,,,Mielichhoferiaceae,,,,Pohlia,,Pohlia annotina,,,60,,,,,,,,0,X,,-1,,,CSUMB-WEE,CSUMB-WEE,,
,,,,,Pohlia bolanderi,Pohlia,,-1,Bryophyta,,,Bryopsida,Bryidae,,Bryales,,,Mielichhoferiaceae,,,,Pohlia,,Pohlia bolanderi,,,60,,,,,,,,0,X,,-1,,,CSUMB-WEE,CSUMB-WEE,,
,,,,,Pohlia camptotrachela,Pohlia,,-1,Bryophyta,,,Bryopsida,Bryidae,,Bryales,,,Mielichhoferiaceae,,,,Pohlia,,Pohlia camptotrachela,,,60,,,,,,,,0,X,,-1,,,CSUMB-WEE,CSUMB-WEE,,
,,,,,Pohlia cardotii,Pohlia,,-1,Bryophyta,,,Bryopsida,Bryidae,,Bryales,,,Mielichhoferiaceae,,,,Pohlia,,Pohlia cardotii,,,60,,,,,,,,0,X,,-1,,,CSUMB-WEE,CSUMB-WEE,,
,,,,,Pohlia cruda,Pohlia,,-1,Bryophyta,,,Bryopsida,Bryidae,,Bryales,,,Mielichhoferiaceae,,,,Pohlia,,Pohlia cruda,,,60,,,,,,,,0,X,,-1,,,CSUMB-WEE,CSUMB-WEE,,
,,,,,Pohlia dummondii,Pohlia,,-1,Bryophyta,,,Bryopsida,Bryidae,,Bryales,,,Mielichhoferiaceae,,,,Pohlia,,Pohlia dummondii,,,60,,,,,,,,0,X,,-1,,,CSUMB-WEE,CSUMB-WEE,,
,,,,,Pohlia elongata,Pohlia,,-1,Bryophyta,,,Bryopsida,Bryidae,,Bryales,,,Mielichhoferiaceae,,,,Pohlia,,Pohlia elongata,,,60,,,,,,,,0,X,,-1,,,CSUMB-WEE,CSUMB-WEE,,
,,,,,Pohlia filum,Pohlia,,-1,Bryophyta,,,Bryopsida,Bryidae,,Bryales,,,Mielichhoferiaceae,,,,Pohlia,,Pohlia filum,,,60,,,,,,,,0,X,,-1,,,CSUMB-WEE,CSUMB-WEE,,
,,,,,Pohlia flexuosa,Pohlia,,-1,Bryophyta,,,Bryopsida,Bryidae,,Bryales,,,Mielichhoferiaceae,,,,Pohlia,,Pohlia flexuosa,,,60,,,,,,,,0,X,,-1,,,CSUMB-WEE,CSUMB-WEE,,
,,,,,Pohlia lescuriana,Pohlia,,-1,Bryophyta,,,Bryopsida,Bryidae,,Bryales,,,Mielichhoferiaceae,,,,Pohlia,,Pohlia lescuriana,,,60,,,,,,,,0,X,,-1,,,CSUMB-WEE,CSUMB-WEE,,
,,,,,Pohlia longibracteata,Pohlia,,-1,Bryophyta,,,Bryopsida,Bryidae,,Bryales,,,Mielichhoferiaceae,,,,Pohlia,,Pohlia longibracteata,,,60,,,,,,,,0,X,,-1,,,CSUMB-WEE,CSUMB-WEE,,
,,,,,Pohlia ludwigii,Pohlia,,-1,Bryophyta,,,Bryopsida,Bryidae,,Bryales,,,Mielichhoferiaceae,,,,Pohlia,,Pohlia ludwigii,,,60,,,,,,,,0,X,,-1,,,CSUMB-WEE,CSUMB-WEE,,
,,,,,Pohlia nutans,Pohlia,,-1,Bryophyta,,,Bryopsida,Bryidae,,Bryales,,,Mielichhoferiaceae,,,,Pohlia,,Pohlia nutans,,,60,,,,,,,,0,X,,-1,,,CSUMB-WEE,CSUMB-WEE,,
,,,,,Pohlia obtusifolia,Pohlia,,-1,Bryophyta,,,Bryopsida,Bryidae,,Bryales,,,Mielichhoferiaceae,,,,Pohlia,,Pohlia obtusifolia,,,60,,,,,,,,0,X,,-1,,,CSUMB-WEE,CSUMB-WEE,,
,,,,,Pohlia pacifica,Pohlia,,-1,Bryophyta,,,Bryopsida,Bryidae,,Bryales,,,Mielichhoferiaceae,,,,Pohlia,,Pohlia pacifica,,,60,,,,,,,,0,X,,-1,,,CSUMB-WEE,CSUMB-WEE,,
,,,,,Pohlia proligera,Pohlia,,-1,Bryophyta,,,Bryopsida,Bryidae,,Bryales,,,Mielichhoferiaceae,,,,Pohlia,,Pohlia proligera,,,60,,,,,,,,0,X,,-1,,,CSUMB-WEE,CSUMB-WEE,,
,,,,,Pohlia robertsonnii,Pohlia,,-1,Bryophyta,,,Bryopsida,Bryidae,,Bryales,,,Mielichhoferiaceae,,,,Pohlia,,Pohlia robertsonnii,,,60,,,,,,,,0,X,,-1,,,CSUMB-WEE,CSUMB-WEE,,
,,,,,Pohlia tundrae,Pohlia,,-1,Bryophyta,,,Bryopsida,Bryidae,,Bryales,,,Mielichhoferiaceae,,,,Pohlia,,Pohlia tundrae,,,60,,,,,,,,0,X,,-1,,,CSUMB-WEE,CSUMB-WEE,,
,,,,,Pohlia wahlenbergii,Pohlia,,-1,Bryophyta,,,Bryopsida,Bryidae,,Bryales,,,Mielichhoferiaceae,,,,Pohlia,,Pohlia wahlenbergii,,,60,,,,,,,,0,X,,-1,,,CSUMB-WEE,CSUMB-WEE,,
,,,,,Pottiaceae,Pottiales,,-1,Bryophyta,,,Bryopsida,Dicranidae,,Pottiales,,,Pottiaceae,,,,,,,,,40,,,,,,,,0,X,,-1,,,CSUMB-WEE,CSUMB-WEE,,
,,,,,Orthotrichum,Orthotrichaceae,,-1,Bryophyta,,,Bryopsida,Bryidae,,Orthotrichales,,,Orthotrichaceae,,,,Orthotrichum,,,,,50,,,,,,,,0,X,,-1,,,CSUMB-WEE,CSUMB-WEE,,
,,,,,Orthotrichum affine,Orthotrichum,,-1,Bryophyta,,,Bryopsida,Bryidae,,Orthotrichales,,,Orthotrichaceae,,,,Orthotrichum,,Orthotrichum affine,,,60,,,,,,,,0,X,,-1,,,CSUMB-WEE,CSUMB-WEE,,
,,,,,Orthotrichum alpestre,Orthotrichum,,-1,Bryophyta,,,Bryopsida,Bryidae,,Orthotrichales,,,Orthotrichaceae,,,,Orthotrichum,,Orthotrichum alpestre,,,60,,,,,,,,0,X,,-1,,,CSUMB-WEE,CSUMB-WEE,,
,,,,,Orthotrichum anodon,Orthotrichum,,-1,Bryophyta,,,Bryopsida,Bryidae,,Orthotrichales,,,Orthotrichaceae,,,,Orthotrichum,,Orthotrichum anodon,,,60,,,,,,,,0,X,,-1,,,CSUMB-WEE,CSUMB-WEE,,
,,,,,Orthotrichum bolanderi,Orthotrichum,,-1,Bryophyta,,,Bryopsida,Bryidae,,Orthotrichales,,,Orthotrichaceae,,,,Orthotrichum,,Orthotrichum bolanderi,,,60,,,,,,,,0,X,,-1,,,CSUMB-WEE,CSUMB-WEE,,
,,,,,Orthotrichum consimile,Orthotrichum,,-1,Bryophyta,,,Bryopsida,Bryidae,,Orthotrichales,,,Orthotrichaceae,,,,Orthotrichum,,Orthotrichum consimile,,,60,,,,,,,,0,X,,-1,,,CSUMB-WEE,CSUMB-WEE,,
,,,,,Orthotrichum coulteri,Orthotrichum,,-1,Bryophyta,,,Bryopsida,Bryidae,,Orthotrichales,,,Orthotrichaceae,,,,Orthotrichum,,Orthotrichum coulteri,,,60,,,,,,,,0,X,,-1,,,CSUMB-WEE,CSUMB-WEE,,
,,,,,Orthotrichum cupulatum,Orthotrichum,,-1,Bryophyta,,,Bryopsida,Bryidae,,Orthotrichales,,,Orthotrichaceae,,,,Orthotrichum,,Orthotrichum cupulatum,,,60,,,,,,,,0,X,,-1,,,CSUMB-WEE,CSUMB-WEE,,
,,,,,Orthotrichum diaphanum,Orthotrichum,,-1,Bryophyta,,,Bryopsida,Bryidae,,Orthotrichales,,,Orthotrichaceae,,,,Orthotrichum,,Orthotrichum diaphanum,,,60,,,,,,,,0,X,,-1,,,CSUMB-WEE,CSUMB-WEE,,
,,,,,Orthotrichum euryphyllum,Orthotrichum,,-1,Bryophyta,,,Bryopsida,Bryidae,,Orthotrichales,,,Orthotrichaceae,,,,Orthotrichum,,Orthotrichum euryphyllum,,,60,,,,,,,,0,X,,-1,,,CSUMB-WEE,CSUMB-WEE,,
,,,,,Orthotrichum flowersii,Orthotrichum,,-1,Bryophyta,,,Bryopsida,Bryidae,,Orthotrichales,,,Orthotrichaceae,,,,Orthotrichum,,Orthotrichum flowersii,,,60,,,,,,,,0,X,,-1,,,CSUMB-WEE,CSUMB-WEE,,
,,,,,Orthotrichum hallii,Orthotrichum,,-1,Bryophyta,,,Bryopsida,Bryidae,,Orthotrichales,,,Orthotrichaceae,,,,Orthotrichum,,Orthotrichum hallii,,,60,,,,,,,,0,X,,-1,,,CSUMB-WEE,CSUMB-WEE,,
,,,,,Orthotrichum holzingeri,Orthotrichum,,-1,Bryophyta,,,Bryopsida,Bryidae,,Orthotrichales,,,Orthotrichaceae,,,,Orthotrichum,,Orthotrichum holzingeri,,,60,,,,,,,,0,X,,-1,,,CSUMB-WEE,CSUMB-WEE,,
,,,,,Orthotrichum kellmanii,Orthotrichum,,-1,Bryophyta,,,Bryopsida,Bryidae,,Orthotrichales,,,Orthotrichaceae,,,,Orthotrichum,,Orthotrichum kellmanii,,,60,,,,,,,,0,X,,-1,,,CSUMB-WEE,CSUMB-WEE,,
,,,,,Orthotrichum laevigatum,Orthotrichum,,-1,Bryophyta,,,Bryopsida,Bryidae,,Orthotrichales,,,Orthotrichaceae,,,,Orthotrichum,,Orthotrichum laevigatum,,,60,,,,,,,,0,X,,-1,,,CSUMB-WEE,CSUMB-WEE,,
,,,,,Orthotrichum lyellii,Orthotrichum,,-1,Bryophyta,,,Bryopsida,Bryidae,,Orthotrichales,,,Orthotrichaceae,,,,Orthotrichum,,Orthotrichum lyellii,,,60,,,,,,,,0,X,,-1,,,CSUMB-WEE,CSUMB-WEE,,
,,,,,Orthotrichum macounii,Orthotrichum,,-1,Bryophyta,,,Bryopsida,Bryidae,,Orthotrichales,,,Orthotrichaceae,,,,Orthotrichum,,Orthotrichum macounii,,,60,,,,,,,,0,X,,-1,,,CSUMB-WEE,CSUMB-WEE,,
,,,,,Orthotrichum norissii,Orthotrichum,,-1,Bryophyta,,,Bryopsida,Bryidae,,Orthotrichales,,,Orthotrichaceae,,,,Orthotrichum,,Orthotrichum norissii,,,60,,,,,,,,0,X,,-1,,,CSUMB-WEE,CSUMB-WEE,,
,,,,,Orthotrichum pallens,Orthotrichum,,-1,Bryophyta,,,Bryopsida,Bryidae,,Orthotrichales,,,Orthotrichaceae,,,,Orthotrichum,,Orthotrichum pallens,,,60,,,,,,,,0,X,,-1,,,CSUMB-WEE,CSUMB-WEE,,
,,,,,Orthotrichum papillosum,Orthotrichum,,-1,Bryophyta,,,Bryopsida,Bryidae,,Orthotrichales,,,Orthotrichaceae,,,,Orthotrichum,,Orthotrichum papillosum,,,60,,,,,,,,0,X,,-1,,,CSUMB-WEE,CSUMB-WEE,,
,,,,,Orthotrichum pellucidum,Orthotrichum,,-1,Bryophyta,,,Bryopsida,Bryidae,,Orthotrichales,,,Orthotrichaceae,,,,Orthotrichum,,Orthotrichum pellucidum,,,60,,,,,,,,0,X,,-1,,,CSUMB-WEE,CSUMB-WEE,,
,,,,,Orthotrichum praemorsum,Orthotrichum,,-1,Bryophyta,,,Bryopsida,Bryidae,,Orthotrichales,,,Orthotrichaceae,,,,Orthotrichum,,Orthotrichum praemorsum,,,60,,,,,,,,0,X,,-1,,,CSUMB-WEE,CSUMB-WEE,,
,,,,,Orthotrichum pulchellum,Orthotrichum,,-1,Bryophyta,,,Bryopsida,Bryidae,,Orthotrichales,,,Orthotrichaceae,,,,Orthotrichum,,Orthotrichum pulchellum,,,60,,,,,,,,0,X,,-1,,,CSUMB-WEE,CSUMB-WEE,,
,,,,,Orthotrichum pumilum,Orthotrichum,,-1,Bryophyta,,,Bryopsida,Bryidae,,Orthotrichales,,,Orthotrichaceae,,,,Orthotrichum,,Orthotrichum pumilum,,,60,,,,,,,,0,X,,-1,,,CSUMB-WEE,CSUMB-WEE,,
,,,,,Orthotrichum pylaisii,Orthotrichum,,-1,Bryophyta,,,Bryopsida,Bryidae,,Orthotrichales,,,Orthotrichaceae,,,,Orthotrichum,,Orthotrichum pylaisii,,,60,,,,,,,,0,X,,-1,,,CSUMB-WEE,CSUMB-WEE,,
,,,,,Orthotrichum rivulare,Orthotrichum,,-1,Bryophyta,,,Bryopsida,Bryidae,,Orthotrichales,,,Orthotrichaceae,,,,Orthotrichum,,Orthotrichum rivulare,,,60,,,,,,,,0,X,,-1,,,CSUMB-WEE,CSUMB-WEE,,
,,,,,Orthotrichum rupestre,Orthotrichum,,-1,Bryophyta,,,Bryopsida,Bryidae,,Orthotrichales,,,Orthotrichaceae,,,,Orthotrichum,,Orthotrichum rupestre,,,60,,,,,,,,0,X,,-1,,,CSUMB-WEE,CSUMB-WEE,,
,,,,,Orthotrichum schimperi,Orthotrichum,,-1,Bryophyta,,,Bryopsida,Bryidae,,Orthotrichales,,,Orthotrichaceae,,,,Orthotrichum,,Orthotrichum schimperi,,,60,,,,,,,,0,X,,-1,,,CSUMB-WEE,CSUMB-WEE,,
,,,,,Orthotrichum shawii,Orthotrichum,,-1,Bryophyta,,,Bryopsida,Bryidae,,Orthotrichales,,,Orthotrichaceae,,,,Orthotrichum,,Orthotrichum shawii,,,60,,,,,,,,0,X,,-1,,,CSUMB-WEE,CSUMB-WEE,,
,,,,,Orthotrichum shevockii,Orthotrichum,,-1,Bryophyta,,,Bryopsida,Bryidae,,Orthotrichales,,,Orthotrichaceae,,,,Orthotrichum,,Orthotrichum shevockii,,,60,,,,,,,,0,X,,-1,,,CSUMB-WEE,CSUMB-WEE,,
,,,,,Orthotrichum speciosum,Orthotrichum,,-1,Bryophyta,,,Bryopsida,Bryidae,,Orthotrichales,,,Orthotrichaceae,,,,Orthotrichum,,Orthotrichum speciosum,,,60,,,,,,,,0,X,,-1,,,CSUMB-WEE,CSUMB-WEE,,
,,,,,Orthotrichum striatum,Orthotrichum,,-1,Bryophyta,,,Bryopsida,Bryidae,,Orthotrichales,,,Orthotrichaceae,,,,Orthotrichum,,Orthotrichum striatum,,,60,,,,,,,,0,X,,-1,,,CSUMB-WEE,CSUMB-WEE,,
,,,,,Orthotrichum texanum,Orthotrichum,,-1,Bryophyta,,,Bryopsida,Bryidae,,Orthotrichales,,,Orthotrichaceae,,,,Orthotrichum,,Orthotrichum texanum,,,60,,,,,,,,0,X,,-1,,,CSUMB-WEE,CSUMB-WEE,,
,,,,,Orthotrichum unerwoodii,Orthotrichum,,-1,Bryophyta,,,Bryopsida,Bryidae,,Orthotrichales,,,Orthotrichaceae,,,,Orthotrichum,,Orthotrichum unerwoodii,,,60,,,,,,,,0,X,,-1,,,CSUMB-WEE,CSUMB-WEE,,
,,,,,Meesiaceae,Splachnales,,-1,Bryophyta,,,Bryopsida,Bryidae,,Splachnales,,,Meesiaceae,,,,,,,,,40,,,,,,,,0,X,,-1,,,CSUMB-WEE,CSUMB-WEE,,
,,,,,Acaulon,Pottiaceae,,-1,Bryophyta,,,Bryopsida,Dicranidae,,Pottiales,,,Pottiaceae,,,,Acaulon,,,,,50,,,,,,,,0,X,,-1,,,CSUMB-WEE,CSUMB-WEE,,
,,,,,Acaulon rufescens,Acaulon,,-1,Bryophyta,,,Bryopsida,Dicranidae,,Pottiales,,,Pottiaceae,,,,Acaulon,,Acaulon rufescens,,,60,,,,,,,,0,X,,-1,,,CSUMB-WEE,CSUMB-WEE,,
,,,,,Acaulon triquetrum,Acaulon,,-1,Bryophyta,,,Bryopsida,Dicranidae,,Pottiales,,,Pottiaceae,,,,Acaulon,,Acaulon triquetrum,,,60,,,,,,,,0,X,,-1,,,CSUMB-WEE,CSUMB-WEE,,
,,,,,Aloina,Pottiaceae,,-1,Bryophyta,,,Bryopsida,Dicranidae,,Pottiales,,,Pottiaceae,,,,Aloina,,,,,50,,,,,,,,0,X,,-1,,,CSUMB-WEE,CSUMB-WEE,,
,,,,,Aloina ambigua,Aloina,,-1,Bryophyta,,,Bryopsida,Dicranidae,,Pottiales,,,Pottiaceae,,,,Aloina,,Aloina ambigua,,,60,,,,,,,,0,X,,-1,,,CSUMB-WEE,CSUMB-WEE,,
,,,,,Aloina bifrons,Aloina,,-1,Bryophyta,,,Bryopsida,Dicranidae,,Pottiales,,,Pottiaceae,,,,Aloina,,Aloina bifrons,,,60,,,,,,,,0,X,,-1,,,CSUMB-WEE,CSUMB-WEE,,
,,,,,Aloina rigida,Aloina,,-1,Bryophyta,,,Bryopsida,Dicranidae,,Pottiales,,,Pottiaceae,,,,Aloina,,Aloina rigida,,,60,,,,,,,,0,X,,-1,,,CSUMB-WEE,CSUMB-WEE,,
,,,,,Anoectangium,Pottiaceae,,-1,Bryophyta,,,Bryopsida,Dicranidae,,Pottiales,,,Pottiaceae,,,,Anoectangium,,,,,50,,,,,,,,0,X,,-1,,,CSUMB-WEE,CSUMB-WEE,,
,,,,,Anoectangium handelii,Anoectangium,,-1,Bryophyta,,,Bryopsida,Dicranidae,,Pottiales,,,Pottiaceae,,,,Anoectangium,,Anoectangium handelii,,,60,,,,,,,,0,X,,-1,,,CSUMB-WEE,CSUMB-WEE,,
,,,,,Barbula,Pottiaceae,,-1,Bryophyta,,,Bryopsida,Dicranidae,,Pottiales,,,Pottiaceae,,,,Barbula,,,,,50,,,,,,,,0,X,,-1,,,CSUMB-WEE,CSUMB-WEE,,
,,,,,Barbula bolleana,Barbula,,-1,Bryophyta,,,Bryopsida,Dicranidae,,Pottiales,,,Pottiaceae,,,,Barbula,,Barbula bolleana,,,60,,,,,,,,0,X,,-1,,,CSUMB-WEE,CSUMB-WEE,,
,,,,,Barbula convoluta,Barbula,,-1,Bryophyta,,,Bryopsida,Dicranidae,,Pottiales,,,Pottiaceae,,,,Barbula,,Barbula convoluta,,,60,,,,,,,,0,X,,-1,,,CSUMB-WEE,CSUMB-WEE,,
,,,,,Barbula eustegia,Barbula,,-1,Bryophyta,,,Bryopsida,Dicranidae,,Pottiales,,,Pottiaceae,,,,Barbula,,Barbula eustegia,,,60,,,,,,,,0,X,,-1,,,CSUMB-WEE,CSUMB-WEE,,
,,,,,Barbula unguiculata,Barbula,,-1,Bryophyta,,,Bryopsida,Dicranidae,,Pottiales,,,Pottiaceae,,,,Barbula,,Barbula unguiculata,,,60,,,,,,,,0,X,,-1,,,CSUMB-WEE,CSUMB-WEE,,
,,,,,Bryoerythrophyllum,Pottiaceae,,-1,Bryophyta,,,Bryopsida,Dicranidae,,Pottiales,,,Pottiaceae,,,,Bryoerythrophyllum,,,,,50,,,,,,,,0,X,,-1,,,CSUMB-WEE,CSUMB-WEE,,
,,,,,Bryoerythrophyllum columbianum,Bryoerythrophyllum,,-1,Bryophyta,,,Bryopsida,Dicranidae,,Pottiales,,,Pottiaceae,,,,Bryoerythrophyllum,,Bryoerythrophyllum columbianum,,,60,,,,,,,,0,X,,-1,,,CSUMB-WEE,CSUMB-WEE,,
,,,,,Bryoerythrophyllum ferruginascens,Bryoerythrophyllum,,-1,Bryophyta,,,Bryopsida,Dicranidae,,Pottiales,,,Pottiaceae,,,,Bryoerythrophyllum,,Bryoerythrophyllum ferruginascens,,,60,,,,,,,,0,X,,-1,,,CSUMB-WEE,CSUMB-WEE,,
,,,,,Bryoerythrophyllum recurvirostrum,Bryoerythrophyllum,,-1,Bryophyta,,,Bryopsida,Dicranidae,,Pottiales,,,Pottiaceae,,,,Bryoerythrophyllum,,Bryoerythrophyllum recurvirostrum,,,60,,,,,,,,0,X,,-1,,,CSUMB-WEE,CSUMB-WEE,,
,,,,,Crossidium,Pottiaceae,,-1,Bryophyta,,,Bryopsida,Dicranidae,,Pottiales,,,Pottiaceae,,,,Crossidium,,,,,50,,,,,,,,0,X,,-1,,,CSUMB-WEE,CSUMB-WEE,,
,,,,,Crossidium aberrans,Crossidium,,-1,Bryophyta,,,Bryopsida,Dicranidae,,Pottiales,,,Pottiaceae,,,,Crossidium,,Crossidium aberrans,,,60,,,,,,,,0,X,,-1,,,CSUMB-WEE,CSUMB-WEE,,
,,,,,Crossidium crassinerve,Crossidium,,-1,Bryophyta,,,Bryopsida,Dicranidae,,Pottiales,,,Pottiaceae,,,,Crossidium,,Crossidium crassinerve,,,60,,,,,,,,0,X,,-1,,,CSUMB-WEE,CSUMB-WEE,,
,,,,,Crossidium seriatum,Crossidium,,-1,Bryophyta,,,Bryopsida,Dicranidae,,Pottiales,,,Pottiaceae,,,,Crossidium,,Crossidium seriatum,,,60,,,,,,,,0,X,,-1,,,CSUMB-WEE,CSUMB-WEE,,
,,,,,Crossidium squamiferum,Crossidium,,-1,Bryophyta,,,Bryopsida,Dicranidae,,Pottiales,,,Pottiaceae,,,,Crossidium,,Crossidium squamiferum,,,60,,,,,,,,0,X,,-1,,,CSUMB-WEE,CSUMB-WEE,,
,,,,,Crumia,Pottiaceae,,-1,Bryophyta,,,Bryopsida,Dicranidae,,Pottiales,,,Pottiaceae,,,,Crumia,,,,,50,,,,,,,,0,X,,-1,,,CSUMB-WEE,CSUMB-WEE,,
,,,,,Crumia latifolia,Crumia,,-1,Bryophyta,,,Bryopsida,Dicranidae,,Pottiales,,,Pottiaceae,,,,Crumia,,Crumia latifolia,,,60,,,,,,,,0,X,,-1,,,CSUMB-WEE,CSUMB-WEE,,
,,,,,Didymodon,Pottiaceae,,-1,Bryophyta,,,Bryopsida,Dicranidae,,Pottiales,,,Pottiaceae,,,,Didymodon,,,,,50,,,,,,,,0,X,,-1,,,CSUMB-WEE,CSUMB-WEE,,
,,,,,Didymodon australasiae,Didymodon,,-1,Bryophyta,,,Bryopsida,Dicranidae,,Pottiales,,,Pottiaceae,,,,Didymodon,,Didymodon australasiae,,,60,,,,,,,,0,X,,-1,,,CSUMB-WEE,CSUMB-WEE,,
,,,,,Didymodon bistratosus,Didymodon,,-1,Bryophyta,,,Bryopsida,Dicranidae,,Pottiales,,,Pottiaceae,,,,Didymodon,,Didymodon bistratosus,,,60,,,,,,,,0,X,,-1,,,CSUMB-WEE,CSUMB-WEE,,
,,,,,Didymodon brachyphyllus,Didymodon,,-1,Bryophyta,,,Bryopsida,Dicranidae,,Pottiales,,,Pottiaceae,,,,Didymodon,,Didymodon brachyphyllus,,,60,,,,,,,,0,X,,-1,,,CSUMB-WEE,CSUMB-WEE,,
,,,,,Didymodon eckeliae,Didymodon,,-1,Bryophyta,,,Bryopsida,Dicranidae,,Pottiales,,,Pottiaceae,,,,Didymodon,,Didymodon eckeliae,,,60,,,,,,,,0,X,,-1,,,CSUMB-WEE,CSUMB-WEE,,
,,,,,Didymodon fallax,Didymodon,,-1,Bryophyta,,,Bryopsida,Dicranidae,,Pottiales,,,Pottiaceae,,,,Didymodon,,Didymodon fallax,,,60,,,,,,,,0,X,,-1,,,CSUMB-WEE,CSUMB-WEE,,
,,,,,Didymodon ferrgineus,Didymodon,,-1,Bryophyta,,,Bryopsida,Dicranidae,,Pottiales,,,Pottiaceae,,,,Didymodon,,Didymodon ferrgineus,,,60,,,,,,,,0,X,,-1,,,CSUMB-WEE,CSUMB-WEE,,
,,,,,Didymodon Insulanus,Didymodon,,-1,Bryophyta,,,Bryopsida,Dicranidae,,Pottiales,,,Pottiaceae,,,,Didymodon,,Didymodon Insulanus,,,60,,,,,,,,0,X,,-1,,,CSUMB-WEE,CSUMB-WEE,,
,,,,,Didymodon nicholsonii,Didymodon,,-1,Bryophyta,,,Bryopsida,Dicranidae,,Pottiales,,,Pottiaceae,,,,Didymodon,,Didymodon nicholsonii,,,60,,,,,,,,0,X,,-1,,,CSUMB-WEE,CSUMB-WEE,,
,,,,,Didymodon norrisii,Didymodon,,-1,Bryophyta,,,Bryopsida,Dicranidae,,Pottiales,,,Pottiaceae,,,,Didymodon,,Didymodon norrisii,,,60,,,,,,,,0,X,,-1,,,CSUMB-WEE,CSUMB-WEE,,
,,,,,Didymodon occidentalis,Didymodon,,-1,Bryophyta,,,Bryopsida,Dicranidae,,Pottiales,,,Pottiaceae,,,,Didymodon,,Didymodon occidentalis,,,60,,,,,,,,0,X,,-1,,,CSUMB-WEE,CSUMB-WEE,,
,,,,,Didymodon revolutus,Didymodon,,-1,Bryophyta,,,Bryopsida,Dicranidae,,Pottiales,,,Pottiaceae,,,,Didymodon,,Didymodon revolutus,,,60,,,,,,,,0,X,,-1,,,CSUMB-WEE,CSUMB-WEE,,
,,,,,Didymodon rigidulus,Didymodon,,-1,Bryophyta,,,Bryopsida,Dicranidae,,Pottiales,,,Pottiaceae,,,,Didymodon,,Didymodon rigidulus,,,60,,,,,,,,0,X,,-1,,,CSUMB-WEE,CSUMB-WEE,,
,,,,,Didymodon tectorum,Didymodon,,-1,Bryophyta,,,Bryopsida,Dicranidae,,Pottiales,,,Pottiaceae,,,,Didymodon,,Didymodon tectorum,,,60,,,,,,,,0,X,,-1,,,CSUMB-WEE,CSUMB-WEE,,
,,,,,Didymodon tophaceus,Didymodon,,-1,Bryophyta,,,Bryopsida,Dicranidae,,Pottiales,,,Pottiaceae,,,,Didymodon,,Didymodon tophaceus,,,60,,,,,,,,0,X,,-1,,,CSUMB-WEE,CSUMB-WEE,,
,,,,,Didymodon umbrosus,Didymodon,,-1,Bryophyta,,,Bryopsida,Dicranidae,,Pottiales,,,Pottiaceae,,,,Didymodon,,Didymodon umbrosus,,,60,,,,,,,,0,X,,-1,,,CSUMB-WEE,CSUMB-WEE,,
,,,,,Didymodon vinealis,Didymodon,,-1,Bryophyta,,,Bryopsida,Dicranidae,,Pottiales,,,Pottiaceae,,,,Didymodon,,Didymodon vinealis,,,60,,,,,,,,0,X,,-1,,,CSUMB-WEE,CSUMB-WEE,,
,,,,,Ephemerum,Pottiaceae,,-1,Bryophyta,,,Bryopsida,Dicranidae,,Pottiales,,,Pottiaceae,,,,Ephemerum,,,,,50,,,,,,,,0,X,,-1,,,CSUMB-WEE,CSUMB-WEE,,
,,,,,Ephemerum serratum,Ephemerum,,-1,Bryophyta,,,Bryopsida,Dicranidae,,Pottiales,,,Pottiaceae,,,,Ephemerum,,Ephemerum serratum,,,60,,,,,,,,0,X,,-1,,,CSUMB-WEE,CSUMB-WEE,,
,,,,,Eucladium,Pottiaceae,,-1,Bryophyta,,,Bryopsida,Dicranidae,,Pottiales,,,Pottiaceae,,,,Eucladium,,,,,50,,,,,,,,0,X,,-1,,,CSUMB-WEE,CSUMB-WEE,,
,,,,,Eucladium verticillatum,Eucladium,,-1,Bryophyta,,,Bryopsida,Dicranidae,,Pottiales,,,Pottiaceae,,,,Eucladium,,Eucladium verticillatum,,,60,,,,,,,,0,X,,-1,,,CSUMB-WEE,CSUMB-WEE,,
,,,,,Gymnostomum,Pottiaceae,,-1,Bryophyta,,,Bryopsida,Dicranidae,,Pottiales,,,Pottiaceae,,,,Gymnostomum,,,,,50,,,,,,,,0,X,,-1,,,CSUMB-WEE,CSUMB-WEE,,
,,,,,Gymnostomum aeruginosum,Gymnostomum,,-1,Bryophyta,,,Bryopsida,Dicranidae,,Pottiales,,,Pottiaceae,,,,Gymnostomum,,Gymnostomum aeruginosum,,,60,,,,,,,,0,X,,-1,,,CSUMB-WEE,CSUMB-WEE,,
,,,,,Gymnostomum calcareum,Gymnostomum,,-1,Bryophyta,,,Bryopsida,Dicranidae,,Pottiales,,,Pottiaceae,,,,Gymnostomum,,Gymnostomum calcareum,,,60,,,,,,,,0,X,,-1,,,CSUMB-WEE,CSUMB-WEE,,
,,,,,Gymnostomum viridulum,Gymnostomum,,-1,Bryophyta,,,Bryopsida,Dicranidae,,Pottiales,,,Pottiaceae,,,,Gymnostomum,,Gymnostomum viridulum,,,60,,,,,,,,0,X,,-1,,,CSUMB-WEE,CSUMB-WEE,,
,,,,,Hennediella,Pottiaceae,,-1,Bryophyta,,,Bryopsida,Dicranidae,,Pottiales,,,Pottiaceae,,,,Hennediella,,,,,50,,,,,,,,0,X,,-1,,,CSUMB-WEE,CSUMB-WEE,,
,,,,,Hennediella heimii,Hennediella,,-1,Bryophyta,,,Bryopsida,Dicranidae,,Pottiales,,,Pottiaceae,,,,Hennediella,,Hennediella heimii,,,60,,,,,,,,0,X,,-1,,,CSUMB-WEE,CSUMB-WEE,,
,,,,,Hennediella stanfordensis,Hennediella,,-1,Bryophyta,,,Bryopsida,Dicranidae,,Pottiales,,,Pottiaceae,,,,Hennediella,,Hennediella stanfordensis,,,60,,,,,,,,0,X,,-1,,,CSUMB-WEE,CSUMB-WEE,,
,,,,,Hymenostylium,Pottiaceae,,-1,Bryophyta,,,Bryopsida,Dicranidae,,Pottiales,,,Pottiaceae,,,,Hymenostylium,,,,,50,,,,,,,,0,X,,-1,,,CSUMB-WEE,CSUMB-WEE,,
,,,,,Hymenostylium recurvirostrum,Hymenostylium,,-1,Bryophyta,,,Bryopsida,Dicranidae,,Pottiales,,,Pottiaceae,,,,Hymenostylium,,Hymenostylium recurvirostrum,,,60,,,,,,,,0,X,,-1,,,CSUMB-WEE,CSUMB-WEE,,
,,,,,Leptophascum,Pottiaceae,,-1,Bryophyta,,,Bryopsida,Dicranidae,,Pottiales,,,Pottiaceae,,,,Leptophascum,,,,,50,,,,,,,,0,X,,-1,,,CSUMB-WEE,CSUMB-WEE,,
,,,,,Leptophascum leptophyllum,Leptophascum,,-1,Bryophyta,,,Bryopsida,Dicranidae,,Pottiales,,,Pottiaceae,,,,Leptophascum,,Leptophascum leptophyllum,,,60,,,,,,,,0,X,,-1,,,CSUMB-WEE,CSUMB-WEE,,
,,,,,Microbryum,Pottiaceae,,-1,Bryophyta,,,Bryopsida,Dicranidae,,Pottiales,,,Pottiaceae,,,,Microbryum,,,,,50,,,,,,,,0,X,,-1,,,CSUMB-WEE,CSUMB-WEE,,
,,,,,Microbryum davallianum,Microbryum,,-1,Bryophyta,,,Bryopsida,Dicranidae,,Pottiales,,,Pottiaceae,,,,Microbryum,,Microbryum davallianum,,,60,,,,,,,,0,X,,-1,,,CSUMB-WEE,CSUMB-WEE,,
,,,,,Microbryum starckeanum,Microbryum,,-1,Bryophyta,,,Bryopsida,Dicranidae,,Pottiales,,,Pottiaceae,,,,Microbryum,,Microbryum starckeanum,,,60,,,,,,,,0,X,,-1,,,CSUMB-WEE,CSUMB-WEE,,
,,,,,Microbryum vlassovii,Microbryum,,-1,Bryophyta,,,Bryopsida,Dicranidae,,Pottiales,,,Pottiaceae,,,,Microbryum,,Microbryum vlassovii,,,60,,,,,,,,0,X,,-1,,,CSUMB-WEE,CSUMB-WEE,,
,,,,,Micromitrium,Pottiaceae,,-1,Bryophyta,,,Bryopsida,Dicranidae,,Pottiales,,,Pottiaceae,,,,Micromitrium,,,,,50,,,,,,,,0,X,,-1,,,CSUMB-WEE,CSUMB-WEE,,
,,,,,Micromitrium tenerum,Micromitrium,,-1,Bryophyta,,,Bryopsida,Dicranidae,,Pottiales,,,Pottiaceae,,,,Micromitrium,,Micromitrium tenerum,,,60,,,,,,,,0,X,,-1,,,CSUMB-WEE,CSUMB-WEE,,
,,,,,Oxystegus,Pottiaceae,,-1,Bryophyta,,,Bryopsida,Dicranidae,,Pottiales,,,Pottiaceae,,,,Oxystegus,,,,,50,,,,,,,,0,X,,-1,,,CSUMB-WEE,CSUMB-WEE,,
,,,,,Oxystegus tenuirostris,Oxystegus,,-1,Bryophyta,,,Bryopsida,Dicranidae,,Pottiales,,,Pottiaceae,,,,Oxystegus,,Oxystegus tenuirostris,,,60,,,,,,,,0,X,,-1,,,CSUMB-WEE,CSUMB-WEE,,
,,,,,Pseudocrossidium,Pottiaceae,,-1,Bryophyta,,,Bryopsida,Dicranidae,,Pottiales,,,Pottiaceae,,,,Pseudocrossidium,,,,,50,,,,,,,,0,X,,-1,,,CSUMB-WEE,CSUMB-WEE,,
,,,,,Pseudocrossidium crinitum,Pseudocrossidium,,-1,Bryophyta,,,Bryopsida,Dicranidae,,Pottiales,,,Pottiaceae,,,,Pseudocrossidium,,Pseudocrossidium crinitum,,,60,,,,,,,,0,X,,-1,,,CSUMB-WEE,CSUMB-WEE,,
,,,,,Pseudocrossidium obtusulum,Pseudocrossidium,,-1,Bryophyta,,,Bryopsida,Dicranidae,,Pottiales,,,Pottiaceae,,,,Pseudocrossidium,,Pseudocrossidium obtusulum,,,60,,,,,,,,0,X,,-1,,,CSUMB-WEE,CSUMB-WEE,,
,,,,,Pterygoneurum,Pottiaceae,,-1,Bryophyta,,,Bryopsida,Dicranidae,,Pottiales,,,Pottiaceae,,,,Pterygoneurum,,,,,50,,,,,,,,0,X,,-1,,,CSUMB-WEE,CSUMB-WEE,,
,,,,,Pterygoneurum californicum,Pterygoneurum,,-1,Bryophyta,,,Bryopsida,Dicranidae,,Pottiales,,,Pottiaceae,,,,Pterygoneurum,,Pterygoneurum californicum,,,60,,,,,,,,0,X,,-1,,,CSUMB-WEE,CSUMB-WEE,,
,,,,,Pterygoneurum lamellatum,Pterygoneurum,,-1,Bryophyta,,,Bryopsida,Dicranidae,,Pottiales,,,Pottiaceae,,,,Pterygoneurum,,Pterygoneurum lamellatum,,,60,,,,,,,,0,X,,-1,,,CSUMB-WEE,CSUMB-WEE,,
,,,,,Pterygoneurum ovatum,Pterygoneurum,,-1,Bryophyta,,,Bryopsida,Dicranidae,,Pottiales,,,Pottiaceae,,,,Pterygoneurum,,Pterygoneurum ovatum,,,60,,,,,,,,0,X,,-1,,,CSUMB-WEE,CSUMB-WEE,,
,,,,,Pterygoneurum subsessile,Pterygoneurum,,-1,Bryophyta,,,Bryopsida,Dicranidae,,Pottiales,,,Pottiaceae,,,,Pterygoneurum,,Pterygoneurum subsessile,,,60,,,,,,,,0,X,,-1,,,CSUMB-WEE,CSUMB-WEE,,
,,,,,Scopelophila,Pottiaceae,,-1,Bryophyta,,,Bryopsida,Dicranidae,,Pottiales,,,Pottiaceae,,,,Scopelophila,,,,,50,,,,,,,,0,X,,-1,,,CSUMB-WEE,CSUMB-WEE,,
,,,,,Scopelophila cataractae,Scopelophila,,-1,Bryophyta,,,Bryopsida,Dicranidae,,Pottiales,,,Pottiaceae,,,,Scopelophila,,Scopelophila cataractae,,,60,,,,,,,,0,X,,-1,,,CSUMB-WEE,CSUMB-WEE,,
,,,,,Scopelophila ligulata,Scopelophila,,-1,Bryophyta,,,Bryopsida,Dicranidae,,Pottiales,,,Pottiaceae,,,,Scopelophila,,Scopelophila ligulata,,,60,,,,,,,,0,X,,-1,,,CSUMB-WEE,CSUMB-WEE,,
,,,,,Stegonia,Pottiaceae,,-1,Bryophyta,,,Bryopsida,Dicranidae,,Pottiales,,,Pottiaceae,,,,Stegonia,,,,,50,,,,,,,,0,X,,-1,,,CSUMB-WEE,CSUMB-WEE,,
,,,,,Stegonia hyalinotricha,Stegonia,,-1,Bryophyta,,,Bryopsida,Dicranidae,,Pottiales,,,Pottiaceae,,,,Stegonia,,Stegonia hyalinotricha,,,60,,,,,,,,0,X,,-1,,,CSUMB-WEE,CSUMB-WEE,,
,,,,,Stegonia latifolia,Stegonia,,-1,Bryophyta,,,Bryopsida,Dicranidae,,Pottiales,,,Pottiaceae,,,,Stegonia,,Stegonia latifolia,,,60,,,,,,,,0,X,,-1,,,CSUMB-WEE,CSUMB-WEE,,
,,,,,Stegonia pilifera,Stegonia,,-1,Bryophyta,,,Bryopsida,Dicranidae,,Pottiales,,,Pottiaceae,,,,Stegonia,,Stegonia pilifera,,,60,,,,,,,,0,X,,-1,,,CSUMB-WEE,CSUMB-WEE,,
,,,,,Syntrichia,Pottiaceae,,-1,Bryophyta,,,Bryopsida,Dicranidae,,Pottiales,,,Pottiaceae,,,,Syntrichia,,,,,50,,,,,,,,0,X,,-1,,,CSUMB-WEE,CSUMB-WEE,,
,,,,,Syntrichia bartramii,Syntrichia,,-1,Bryophyta,,,Bryopsida,Dicranidae,,Pottiales,,,Pottiaceae,,,,Syntrichia,,Syntrichia bartramii,,,60,,,,,,,,0,X,,-1,,,CSUMB-WEE,CSUMB-WEE,,
,,,,,Syntrichia caninervis,Syntrichia,,-1,Bryophyta,,,Bryopsida,Dicranidae,,Pottiales,,,Pottiaceae,,,,Syntrichia,,Syntrichia caninervis,,,60,,,,,,,,0,X,,-1,,,CSUMB-WEE,CSUMB-WEE,,
,,,,,Syntrichia laevipiloa,Syntrichia,,-1,Bryophyta,,,Bryopsida,Dicranidae,,Pottiales,,,Pottiaceae,,,,Syntrichia,,Syntrichia laevipiloa,,,60,,,,,,,,0,X,,-1,,,CSUMB-WEE,CSUMB-WEE,,
,,,,,Syntrichia latifolia,Syntrichia,,-1,Bryophyta,,,Bryopsida,Dicranidae,,Pottiales,,,Pottiaceae,,,,Syntrichia,,Syntrichia latifolia,,,60,,,,,,,,0,X,,-1,,,CSUMB-WEE,CSUMB-WEE,,
,,,,,Syntrichia montana,Syntrichia,,-1,Bryophyta,,,Bryopsida,Dicranidae,,Pottiales,,,Pottiaceae,,,,Syntrichia,,Syntrichia montana,,,60,,,,,,,,0,X,,-1,,,CSUMB-WEE,CSUMB-WEE,,
,,,,,Syntrichia norvegica,Syntrichia,,-1,Bryophyta,,,Bryopsida,Dicranidae,,Pottiales,,,Pottiaceae,,,,Syntrichia,,Syntrichia norvegica,,,60,,,,,,,,0,X,,-1,,,CSUMB-WEE,CSUMB-WEE,,
,,,,,Syntrichia obtusifolia,Syntrichia,,-1,Bryophyta,,,Bryopsida,Dicranidae,,Pottiales,,,Pottiaceae,,,,Syntrichia,,Syntrichia obtusifolia,,,60,,,,,,,,0,X,,-1,,,CSUMB-WEE,CSUMB-WEE,,
,,,,,Syntrichia pagorum,Syntrichia,,-1,Bryophyta,,,Bryopsida,Dicranidae,,Pottiales,,,Pottiaceae,,,,Syntrichia,,Syntrichia pagorum,,,60,,,,,,,,0,X,,-1,,,CSUMB-WEE,CSUMB-WEE,,
,,,,,Syntrichia papillosa,Syntrichia,,-1,Bryophyta,,,Bryopsida,Dicranidae,,Pottiales,,,Pottiaceae,,,,Syntrichia,,Syntrichia papillosa,,,60,,,,,,,,0,X,,-1,,,CSUMB-WEE,CSUMB-WEE,,
,,,,,Syntrichia papillosissima,Syntrichia,,-1,Bryophyta,,,Bryopsida,Dicranidae,,Pottiales,,,Pottiaceae,,,,Syntrichia,,Syntrichia papillosissima,,,60,,,,,,,,0,X,,-1,,,CSUMB-WEE,CSUMB-WEE,,
,,,,,Syntrichia princeps,Syntrichia,,-1,Bryophyta,,,Bryopsida,Dicranidae,,Pottiales,,,Pottiaceae,,,,Syntrichia,,Syntrichia princeps,,,60,,,,,,,,0,X,,-1,,,CSUMB-WEE,CSUMB-WEE,,
,,,,,Syntrichia ruralis,Syntrichia,,-1,Bryophyta,,,Bryopsida,Dicranidae,,Pottiales,,,Pottiaceae,,,,Syntrichia,,Syntrichia ruralis,,,60,,,,,,,,0,X,,-1,,,CSUMB-WEE,CSUMB-WEE,,
,,,,,Syntrichia sucrosa,Syntrichia,,-1,Bryophyta,,,Bryopsida,Dicranidae,,Pottiales,,,Pottiaceae,,,,Syntrichia,,Syntrichia sucrosa,,,60,,,,,,,,0,X,,-1,,,CSUMB-WEE,CSUMB-WEE,,
,,,,,Syntrichia viriscens,Syntrichia,,-1,Bryophyta,,,Bryopsida,Dicranidae,,Pottiales,,,Pottiaceae,,,,Syntrichia,,Syntrichia viriscens,,,60,,,,,,,,0,X,,-1,,,CSUMB-WEE,CSUMB-WEE,,
,,,,,Timmiella,Pottiaceae,,-1,Bryophyta,,,Bryopsida,Dicranidae,,Pottiales,,,Pottiaceae,,,,Timmiella,,,,,50,,,,,,,,0,X,,-1,,,CSUMB-WEE,CSUMB-WEE,,
,,,,,Timmiella anomala,Timmiella,,-1,Bryophyta,,,Bryopsida,Dicranidae,,Pottiales,,,Pottiaceae,,,,Timmiella,,Timmiella anomala,,,60,,,,,,,,0,X,,-1,,,CSUMB-WEE,CSUMB-WEE,,
,,,,,Timmiella crassinervis,Timmiella,,-1,Bryophyta,,,Bryopsida,Dicranidae,,Pottiales,,,Pottiaceae,,,,Timmiella,,Timmiella crassinervis,,,60,,,,,,,,0,X,,-1,,,CSUMB-WEE,CSUMB-WEE,,
,,,,,Tortella,Pottiaceae,,-1,Bryophyta,,,Bryopsida,Dicranidae,,Pottiales,,,Pottiaceae,,,,Tortella,,,,,50,,,,,,,,0,X,,-1,,,CSUMB-WEE,CSUMB-WEE,,
,,,,,Tortella tortuosa,Tortella,,-1,Bryophyta,,,Bryopsida,Dicranidae,,Pottiales,,,Pottiaceae,,,,Tortella,,Tortella tortuosa,,,60,,,,,,,,0,X,,-1,,,CSUMB-WEE,CSUMB-WEE,,
,,,,,Tortula,Pottiaceae,,-1,Bryophyta,,,Bryopsida,Dicranidae,,Pottiales,,,Pottiaceae,,,,Tortula,,,,,50,,,,,,,,0,X,,-1,,,CSUMB-WEE,CSUMB-WEE,,
,,,,,Tortula acaulon,Tortula,,-1,Bryophyta,,,Bryopsida,Dicranidae,,Pottiales,,,Pottiaceae,,,,Tortula,,Tortula acaulon,,,60,,,,,,,,0,X,,-1,,,CSUMB-WEE,CSUMB-WEE,,
,,,,,Tortula amplexa,Tortula,,-1,Bryophyta,,,Bryopsida,Dicranidae,,Pottiales,,,Pottiaceae,,,,Tortula,,Tortula amplexa,,,60,,,,,,,,0,X,,-1,,,CSUMB-WEE,CSUMB-WEE,,
,,,,,Tortula atrovirens,Tortula,,-1,Bryophyta,,,Bryopsida,Dicranidae,,Pottiales,,,Pottiaceae,,,,Tortula,,Tortula atrovirens,,,60,,,,,,,,0,X,,-1,,,CSUMB-WEE,CSUMB-WEE,,
,,,,,Tortula bolanderi,Tortula,,-1,Bryophyta,,,Bryopsida,Dicranidae,,Pottiales,,,Pottiaceae,,,,Tortula,,Tortula bolanderi,,,60,,,,,,,,0,X,,-1,,,CSUMB-WEE,CSUMB-WEE,,
,,,,,Tortula brevipes,Tortula,,-1,Bryophyta,,,Bryopsida,Dicranidae,,Pottiales,,,Pottiaceae,,,,Tortula,,Tortula brevipes,,,60,,,,,,,,0,X,,-1,,,CSUMB-WEE,CSUMB-WEE,,
,,,,,Tortula californica,Tortula,,-1,Bryophyta,,,Bryopsida,Dicranidae,,Pottiales,,,Pottiaceae,,,,Tortula,,Tortula californica,,,60,,,,,,,,0,X,,-1,,,CSUMB-WEE,CSUMB-WEE,,
,,,,,Tortula guepinii,Tortula,,-1,Bryophyta,,,Bryopsida,Dicranidae,,Pottiales,,,Pottiaceae,,,,Tortula,,Tortula guepinii,,,60,,,,,,,,0,X,,-1,,,CSUMB-WEE,CSUMB-WEE,,
,,,,,Tortula hoppeana,Tortula,,-1,Bryophyta,,,Bryopsida,Dicranidae,,Pottiales,,,Pottiaceae,,,,Tortula,,Tortula hoppeana,,,60,,,,,,,,0,X,,-1,,,CSUMB-WEE,CSUMB-WEE,,
,,,,,Tortula inermis,Tortula,,-1,Bryophyta,,,Bryopsida,Dicranidae,,Pottiales,,,Pottiaceae,,,,Tortula,,Tortula inermis,,,60,,,,,,,,0,X,,-1,,,CSUMB-WEE,CSUMB-WEE,,
,,,,,Tortula leucostoma,Tortula,,-1,Bryophyta,,,Bryopsida,Dicranidae,,Pottiales,,,Pottiaceae,,,,Tortula,,Tortula leucostoma,,,60,,,,,,,,0,X,,-1,,,CSUMB-WEE,CSUMB-WEE,,
,,,,,Tortula mucronifolia,Tortula,,-1,Bryophyta,,,Bryopsida,Dicranidae,,Pottiales,,,Pottiaceae,,,,Tortula,,Tortula mucronifolia,,,60,,,,,,,,0,X,,-1,,,CSUMB-WEE,CSUMB-WEE,,
,,,,,Tortula muralis,Tortula,,-1,Bryophyta,,,Bryopsida,Dicranidae,,Pottiales,,,Pottiaceae,,,,Tortula,,Tortula muralis,,,60,,,,,,,,0,X,,-1,,,CSUMB-WEE,CSUMB-WEE,,
,,,,,Tortula obtusifolia,Tortula,,-1,Bryophyta,,,Bryopsida,Dicranidae,,Pottiales,,,Pottiaceae,,,,Tortula,,Tortula obtusifolia,,,60,,,,,,,,0,X,,-1,,,CSUMB-WEE,CSUMB-WEE,,
,,,,,Tortula plinthobia,Tortula,,-1,Bryophyta,,,Bryopsida,Dicranidae,,Pottiales,,,Pottiaceae,,,,Tortula,,Tortula plinthobia,,,60,,,,,,,,0,X,,-1,,,CSUMB-WEE,CSUMB-WEE,,
,,,,,Tortula protobryoides,Tortula,,-1,Bryophyta,,,Bryopsida,Dicranidae,,Pottiales,,,Pottiaceae,,,,Tortula,,Tortula protobryoides,,,60,,,,,,,,0,X,,-1,,,CSUMB-WEE,CSUMB-WEE,,
,,,,,Tortula subulata,Tortula,,-1,Bryophyta,,,Bryopsida,Dicranidae,,Pottiales,,,Pottiaceae,,,,Tortula,,Tortula subulata,,,60,,,,,,,,0,X,,-1,,,CSUMB-WEE,CSUMB-WEE,,
,,,,,Tortula systylia,Tortula,,-1,Bryophyta,,,Bryopsida,Dicranidae,,Pottiales,,,Pottiaceae,,,,Tortula,,Tortula systylia,,,60,,,,,,,,0,X,,-1,,,CSUMB-WEE,CSUMB-WEE,,
,,,,,Trichostemmum,Pottiaceae,,-1,Bryophyta,,,Bryopsida,Dicranidae,,Pottiales,,,Pottiaceae,,,,Trichostemmum,,,,,50,,,,,,,,0,X,,-1,,,CSUMB-WEE,CSUMB-WEE,,
,,,,,Trichostemmum brachydontium,Trichostemmum,,-1,Bryophyta,,,Bryopsida,Dicranidae,,Pottiales,,,Pottiaceae,,,,Trichostemmum,,Trichostemmum brachydontium,,,60,,,,,,,,0,X,,-1,,,CSUMB-WEE,CSUMB-WEE,,
,,,,,Trichostemmum crispulum,Trichostemmum,,-1,Bryophyta,,,Bryopsida,Dicranidae,,Pottiales,,,Pottiaceae,,,,Trichostemmum,,Trichostemmum crispulum,,,60,,,,,,,,0,X,,-1,,,CSUMB-WEE,CSUMB-WEE,,
,,,,,Trichostemmum sweetii,Trichostemmum,,-1,Bryophyta,,,Bryopsida,Dicranidae,,Pottiales,,,Pottiaceae,,,,Trichostemmum,,Trichostemmum sweetii,,,60,,,,,,,,0,X,,-1,,,CSUMB-WEE,CSUMB-WEE,,
,,,,,Triquetrella,Pottiaceae,,-1,Bryophyta,,,Bryopsida,Dicranidae,,Pottiales,,,Pottiaceae,,,,Triquetrella,,,,,50,,,,,,,,0,X,,-1,,,CSUMB-WEE,CSUMB-WEE,,
,,,,,Triquetrella californica,Triquetrella,,-1,Bryophyta,,,Bryopsida,Dicranidae,,Pottiales,,,Pottiaceae,,,,Triquetrella,,Triquetrella californica,,,60,,,,,,,,0,X,,-1,,,CSUMB-WEE,CSUMB-WEE,,
,,,,,Weissia,Pottiaceae,,-1,Bryophyta,,,Bryopsida,Dicranidae,,Pottiales,,,Pottiaceae,,,,Weissia,,,,,50,,,,,,,,0,X,,-1,,,CSUMB-WEE,CSUMB-WEE,,
,,,,,Weissia condensa,Weissia,,-1,Bryophyta,,,Bryopsida,Dicranidae,,Pottiales,,,Pottiaceae,,,,Weissia,,Weissia condensa,,,60,,,,,,,,0,X,,-1,,,CSUMB-WEE,CSUMB-WEE,,
,,,,,Weissia controversa,Weissia,,-1,Bryophyta,,,Bryopsida,Dicranidae,,Pottiales,,,Pottiaceae,,,,Weissia,,Weissia controversa,,,60,,,,,,,,0,X,,-1,,,CSUMB-WEE,CSUMB-WEE,,
,,,,,Weissia inoperculata,Weissia,,-1,Bryophyta,,,Bryopsida,Dicranidae,,Pottiales,,,Pottiaceae,,,,Weissia,,Weissia inoperculata,,,60,,,,,,,,0,X,,-1,,,CSUMB-WEE,CSUMB-WEE,,
,,,,,Weissia ligulaefolia,Weissia,,-1,Bryophyta,,,Bryopsida,Dicranidae,,Pottiales,,,Pottiaceae,,,,Weissia,,Weissia ligulaefolia,,,60,,,,,,,,0,X,,-1,,,CSUMB-WEE,CSUMB-WEE,,
,,,,,Aulacomniales,Bryopsida,,-1,Bryophyta,,,Bryopsida,Bryidae,,Aulacomniales,,,,,,,,,,,,30,,,,,,,,0,X,,-1,,,CSUMB-WEE,CSUMB-WEE,,
,,,,,Bartramiales,Bryopsida,,-1,Bryophyta,,,Bryopsida,Bryidae,,Bartramiales,,,,,,,,,,,,30,,,,,,,,0,X,,-1,,,CSUMB-WEE,CSUMB-WEE,,
,,,,,Bryales,Bryopsida,,-1,Bryophyta,,,Bryopsida,Bryidae,,Bryales,,,,,,,,,,,,30,,,,,,,,0,X,,-1,,,CSUMB-WEE,CSUMB-WEE,,
,,,,,Dicranales,Bryopsida,,-1,Bryophyta,,,Bryopsida,Dicranidae,,Dicranales,,,,,,,,,,,,30,,,,,,,,0,X,,-1,,,CSUMB-WEE,CSUMB-WEE,,
,,,,,Funariales,Bryopsida,,-1,Bryophyta,,,Bryopsida,Funariidae,,Funariales,,,,,,,,,,,,30,,,,,,,,0,X,,-1,,,CSUMB-WEE,CSUMB-WEE,,
,,,,,Grimmiales,Bryopsida,,-1,Bryophyta,,,Bryopsida,Dicranidae,,Grimmiales,,,,,,,,,,,,30,,,,,,,,0,X,,-1,,,CSUMB-WEE,CSUMB-WEE,,
,,,,,Hedwigiales,Bryopsida,,-1,Bryophyta,,,Bryopsida,Bryidae,,Hedwigiales,,,,,,,,,,,,30,,,,,,,,0,X,,-1,,,CSUMB-WEE,CSUMB-WEE,,
,,,,,Hypnales,Bryopsida,,-1,Bryophyta,,,Bryopsida,Bryidae,,Hypnales,,,,,,,,,,,,30,,,,,,,,0,X,,-1,,,CSUMB-WEE,CSUMB-WEE,,
,,,,,Orthotrichales,Bryopsida,,-1,Bryophyta,,,Bryopsida,Bryidae,,Orthotrichales,,,,,,,,,,,,30,,,,,,,,0,X,,-1,,,CSUMB-WEE,CSUMB-WEE,,
,,,,,Pottiales,Bryopsida,,-1,Bryophyta,,,Bryopsida,Dicranidae,,Pottiales,,,,,,,,,,,,30,,,,,,,,0,X,,-1,,,CSUMB-WEE,CSUMB-WEE,,
,,,,,Splachnales,Bryopsida,,-1,Bryophyta,,,Bryopsida,Bryidae,,Splachnales,,,,,,,,,,,,30,,,,,,,,0,X,,-1,,,CSUMB-WEE,CSUMB-WEE,,
,,,,,Bryopsida,Bryophyta,,-1,Bryophyta,,,,,,,,,,,,,,,,,,20,,,,,,,,0,X,,-1,,,CSUMB-WEE,CSUMB-WEE,,
,,,,,Tomentypnum,Brachytheciaceae,,-1,Bryophyta,,,Bryopsida,Bryidae,,Hypnales,,,Brachytheciaceae,,,,Tomentypnum,,,,,50,,,,,,,,0,X,,-1,,,CSUMB-WEE,CSUMB-WEE,,
,,,,,Tomentypnum nitens,Tomentypnum,,-1,Bryophyta,,,Bryopsida,Bryidae,,Hypnales,,,Brachytheciaceae,,,,Tomentypnum,,Tomentypnum nitens,,,60,,,,,,,,0,X,,-1,,,CSUMB-WEE,CSUMB-WEE,,
